Ticker,Ticker2,Correlation
ADANIENT,ADANIENT,1.0
ADANIPORTS,ADANIENT,0.8458064596282284
APOLLOHOSP,ADANIENT,0.5948066707133428
ASIANPAINT,ADANIENT,-0.1864788446609303
AXISBANK,ADANIENT,0.537048214719712
BAJAJ-AUTO,ADANIENT,0.6345507533314997
BAJAJFINSV,ADANIENT,0.0801126221968526
BAJFINANCE,ADANIENT,-0.4373087548192713
BEL,ADANIENT,0.59763449269856
BHARTIARTL,ADANIENT,0.4822981319322695
BPCL,ADANIENT,0.7595871081140044
BRITANNIA,ADANIENT,0.4472742029047517
CIPLA,ADANIENT,0.6547694370054815
COALINDIA,ADANIENT,0.7621596921916636
DRREDDY,ADANIENT,0.5688550753295272
EICHERMOT,ADANIENT,0.4805961580581713
GRASIM,ADANIENT,0.5074928275039854
HCLTECH,ADANIENT,0.4408688645773878
HDFCBANK,ADANIENT,0.0457322736837505
HDFCLIFE,ADANIENT,-0.1298515348445786
HEROMOTOCO,ADANIENT,0.7228603819141266
HINDALCO,ADANIENT,0.5385127277834093
HINDUNILVR,ADANIENT,-0.0239913230838818
ICICIBANK,ADANIENT,0.4963290230604016
INDUSINDBK,ADANIENT,0.1412911149861531
INFY,ADANIENT,0.3332415225882267
ITC,ADANIENT,0.0113379190744508
JSWSTEEL,ADANIENT,0.5006417648818475
KOTAKBANK,ADANIENT,0.1023112588081361
LT,ADANIENT,0.8111180741500102
M&M,ADANIENT,0.4588021149726259
MARUTI,ADANIENT,0.5767689418147363
NESTLEIND,ADANIENT,0.4847274915337345
NTPC,ADANIENT,0.6845525984649161
ONGC,ADANIENT,0.7051512882674962
POWERGRID,ADANIENT,0.6620560055644078
RELIANCE,ADANIENT,0.8489278671265776
SBILIFE,ADANIENT,0.3790758475204975
SBIN,ADANIENT,0.6998647770666349
SHRIRAMFIN,ADANIENT,0.4694278178735845
SUNPHARMA,ADANIENT,0.5552060527098132
TATACONSUM,ADANIENT,0.7832986069790779
TATAMOTORS,ADANIENT,0.7839649582833821
TATASTEEL,ADANIENT,0.7320327113706587
TCS,ADANIENT,0.6013748438683384
TECHM,ADANIENT,0.306188359235337
TITAN,ADANIENT,0.4571179973603666
TRENT,ADANIENT,0.4367902777176415
ULTRACEMCO,ADANIENT,0.5904620705460281
WIPRO,ADANIENT,0.609773991087032
ADANIENT,ADANIPORTS,0.8458064596282284
ADANIPORTS,ADANIPORTS,1.0
APOLLOHOSP,ADANIPORTS,0.8150854524922279
ASIANPAINT,ADANIPORTS,-0.2465197504762756
AXISBANK,ADANIPORTS,0.7702069608401573
BAJAJ-AUTO,ADANIPORTS,0.8877179967624219
BAJAJFINSV,ADANIPORTS,0.2150854807524908
BAJFINANCE,ADANIPORTS,-0.4861277803165635
BEL,ADANIPORTS,0.9003771041460743
BHARTIARTL,ADANIPORTS,0.8199704773749248
BPCL,ADANIPORTS,0.9410678490782776
BRITANNIA,ADANIPORTS,0.7293830687509824
CIPLA,ADANIPORTS,0.8939696441711728
COALINDIA,ADANIPORTS,0.9588401223463892
DRREDDY,ADANIPORTS,0.8332518239853467
EICHERMOT,ADANIPORTS,0.8091431925605874
GRASIM,ADANIPORTS,0.8594286475832317
HCLTECH,ADANIPORTS,0.6288886163486805
HDFCBANK,ADANIPORTS,0.3160199287725025
HDFCLIFE,ADANIPORTS,0.1697700508735655
HEROMOTOCO,ADANIPORTS,0.9271672554172784
HINDALCO,ADANIPORTS,0.804026435334685
HINDUNILVR,ADANIPORTS,0.2389125696833676
ICICIBANK,ADANIPORTS,0.8319205961236245
INDUSINDBK,ADANIPORTS,-0.1956351234307375
INFY,ADANIPORTS,0.6045065401223914
ITC,ADANIPORTS,0.3343719897743307
JSWSTEEL,ADANIPORTS,0.7677507799535565
KOTAKBANK,ADANIPORTS,0.1000267391374349
LT,ADANIPORTS,0.8548557174619258
M&M,ADANIPORTS,0.8029665019931398
MARUTI,ADANIPORTS,0.7835462041180126
NESTLEIND,ADANIPORTS,0.3576429156182533
NTPC,ADANIPORTS,0.9279439862802644
ONGC,ADANIPORTS,0.932967814280294
POWERGRID,ADANIPORTS,0.9426155087233006
RELIANCE,ADANIPORTS,0.8997935097255917
SBILIFE,ADANIPORTS,0.681708919188301
SBIN,ADANIPORTS,0.9252606663029468
SHRIRAMFIN,ADANIPORTS,0.7939968111416938
SUNPHARMA,ADANIPORTS,0.8332576919631242
TATACONSUM,ADANIPORTS,0.8230572785580693
TATAMOTORS,ADANIPORTS,0.9165225499671584
TATASTEEL,ADANIPORTS,0.8342552713977391
TCS,ADANIPORTS,0.817482440213064
TECHM,ADANIPORTS,0.6593444356061067
TITAN,ADANIPORTS,0.2151623981744157
TRENT,ADANIPORTS,0.7793583480569781
ULTRACEMCO,ADANIPORTS,0.8555209348199405
WIPRO,ADANIPORTS,0.7988041240711217
ADANIENT,APOLLOHOSP,0.5948066707133428
ADANIPORTS,APOLLOHOSP,0.8150854524922279
APOLLOHOSP,APOLLOHOSP,1.0
ASIANPAINT,APOLLOHOSP,-0.1578720923008672
AXISBANK,APOLLOHOSP,0.6073921786517393
BAJAJ-AUTO,APOLLOHOSP,0.8937532995257987
BAJAJFINSV,APOLLOHOSP,0.5091495667181837
BAJFINANCE,APOLLOHOSP,-0.4108917612883689
BEL,APOLLOHOSP,0.7521385738847542
BHARTIARTL,APOLLOHOSP,0.865525104185081
BPCL,APOLLOHOSP,0.872683538671911
BRITANNIA,APOLLOHOSP,0.7618796921171641
CIPLA,APOLLOHOSP,0.8955055959455007
COALINDIA,APOLLOHOSP,0.8000671157712271
DRREDDY,APOLLOHOSP,0.857217756546787
EICHERMOT,APOLLOHOSP,0.7204222158202189
GRASIM,APOLLOHOSP,0.8073654457618805
HCLTECH,APOLLOHOSP,0.912644574834505
HDFCBANK,APOLLOHOSP,0.4292883999013759
HDFCLIFE,APOLLOHOSP,0.4836894494902635
HEROMOTOCO,APOLLOHOSP,0.8130798084505924
HINDALCO,APOLLOHOSP,0.7215007819635239
HINDUNILVR,APOLLOHOSP,0.3881731101608939
ICICIBANK,APOLLOHOSP,0.8531083324281526
INDUSINDBK,APOLLOHOSP,-0.4474254569977597
INFY,APOLLOHOSP,0.8431843255969412
ITC,APOLLOHOSP,0.5304592733613384
JSWSTEEL,APOLLOHOSP,0.8001061772877041
KOTAKBANK,APOLLOHOSP,0.2347335997333066
LT,APOLLOHOSP,0.7126291241937273
M&M,APOLLOHOSP,0.7586097812847482
MARUTI,APOLLOHOSP,0.5638280917303646
NESTLEIND,APOLLOHOSP,0.1671410774975484
NTPC,APOLLOHOSP,0.9010427147162126
ONGC,APOLLOHOSP,0.7955431027645585
POWERGRID,APOLLOHOSP,0.8309339088305273
RELIANCE,APOLLOHOSP,0.6453859262206435
SBILIFE,APOLLOHOSP,0.8172978740710031
SBIN,APOLLOHOSP,0.7398849609444071
SHRIRAMFIN,APOLLOHOSP,0.9001816955215965
SUNPHARMA,APOLLOHOSP,0.948026010211625
TATACONSUM,APOLLOHOSP,0.6688991120617213
TATAMOTORS,APOLLOHOSP,0.6879522571702288
TATASTEEL,APOLLOHOSP,0.5209286158348921
TCS,APOLLOHOSP,0.8619095532129171
TECHM,APOLLOHOSP,0.8499165876142828
TITAN,APOLLOHOSP,0.2689199202252344
TRENT,APOLLOHOSP,0.877633028561032
ULTRACEMCO,APOLLOHOSP,0.8300269732772391
WIPRO,APOLLOHOSP,0.9069000670002624
ADANIENT,ASIANPAINT,-0.1864788446609303
ADANIPORTS,ASIANPAINT,-0.2465197504762756
APOLLOHOSP,ASIANPAINT,-0.1578720923008672
ASIANPAINT,ASIANPAINT,1.0
AXISBANK,ASIANPAINT,0.0009706255827021
BAJAJ-AUTO,ASIANPAINT,-0.1625632462683933
BAJAJFINSV,ASIANPAINT,0.4634438298513162
BAJFINANCE,ASIANPAINT,0.6094270895386497
BEL,ASIANPAINT,-0.2462626649160336
BHARTIARTL,ASIANPAINT,-0.1780326187242144
BPCL,ASIANPAINT,-0.2524396814080742
BRITANNIA,ASIANPAINT,0.2445279852965381
CIPLA,ASIANPAINT,-0.2012122430492108
COALINDIA,ASIANPAINT,-0.2001259398297805
DRREDDY,ASIANPAINT,-0.066455104866477
EICHERMOT,ASIANPAINT,-0.1664839572086981
GRASIM,ASIANPAINT,-0.1280884569588399
HCLTECH,ASIANPAINT,-0.0841153237084752
HDFCBANK,ASIANPAINT,0.2986231423107545
HDFCLIFE,ASIANPAINT,0.3839151171257889
HEROMOTOCO,ASIANPAINT,-0.1341356134459742
HINDALCO,ASIANPAINT,-0.083139270136691
HINDUNILVR,ASIANPAINT,0.6097370648344237
ICICIBANK,ASIANPAINT,-0.2114883420659712
INDUSINDBK,ASIANPAINT,0.4419908719317094
INFY,ASIANPAINT,0.1065844166263671
ITC,ASIANPAINT,0.4608871998581531
JSWSTEEL,ASIANPAINT,-0.0601942827849116
KOTAKBANK,ASIANPAINT,0.57557142639897
LT,ASIANPAINT,-0.1406694286008874
M&M,ASIANPAINT,-0.2123990361319992
MARUTI,ASIANPAINT,-0.2999570220523266
NESTLEIND,ASIANPAINT,0.3324422662019177
NTPC,ASIANPAINT,-0.1479441898445484
ONGC,ASIANPAINT,-0.2396360929093866
POWERGRID,ASIANPAINT,-0.266174449116383
RELIANCE,ASIANPAINT,-0.2214555167811004
SBILIFE,ASIANPAINT,0.2066550962714552
SBIN,ASIANPAINT,-0.4267895452442371
SHRIRAMFIN,ASIANPAINT,-0.030135908728372
SUNPHARMA,ASIANPAINT,-0.2103036351560119
TATACONSUM,ASIANPAINT,-0.0055926853685223
TATAMOTORS,ASIANPAINT,-0.2474907021127462
TATASTEEL,ASIANPAINT,-0.3574333204325293
TCS,ASIANPAINT,-0.0383841184875718
TECHM,ASIANPAINT,-0.0309045434668577
TITAN,ASIANPAINT,0.3709416717048621
TRENT,ASIANPAINT,-0.0931183395290717
ULTRACEMCO,ASIANPAINT,0.0173790648347091
WIPRO,ASIANPAINT,-0.2309214690472875
ADANIENT,AXISBANK,0.537048214719712
ADANIPORTS,AXISBANK,0.7702069608401573
APOLLOHOSP,AXISBANK,0.6073921786517393
ASIANPAINT,AXISBANK,0.0009706255827021
AXISBANK,AXISBANK,1.0
BAJAJ-AUTO,AXISBANK,0.7428496914220011
BAJAJFINSV,AXISBANK,0.3345580156401301
BAJFINANCE,AXISBANK,-0.1552495092482639
BEL,AXISBANK,0.8630114680436077
BHARTIARTL,AXISBANK,0.7676273538904844
BPCL,AXISBANK,0.6741796150910543
BRITANNIA,AXISBANK,0.7958166476843193
CIPLA,AXISBANK,0.6952999626463763
COALINDIA,AXISBANK,0.7378415362164875
DRREDDY,AXISBANK,0.6437012415647024
EICHERMOT,AXISBANK,0.8398005857768195
GRASIM,AXISBANK,0.8481081092169431
HCLTECH,AXISBANK,0.4531070592083118
HDFCBANK,AXISBANK,0.634657569590408
HDFCLIFE,AXISBANK,0.2583527308869287
HEROMOTOCO,AXISBANK,0.8369531516798163
HINDALCO,AXISBANK,0.8346635212278637
HINDUNILVR,AXISBANK,0.4743299961213238
ICICIBANK,AXISBANK,0.8196406924090625
INDUSINDBK,AXISBANK,-0.2053237006271183
INFY,AXISBANK,0.5402659338539659
ITC,AXISBANK,0.4640639935529251
JSWSTEEL,AXISBANK,0.8111168615538308
KOTAKBANK,AXISBANK,0.2755031169727321
LT,AXISBANK,0.6532091350511129
M&M,AXISBANK,0.8222750581850612
MARUTI,AXISBANK,0.5965354418542929
NESTLEIND,AXISBANK,0.3269659301207322
NTPC,AXISBANK,0.7691170175890261
ONGC,AXISBANK,0.6639914410503601
POWERGRID,AXISBANK,0.8205244348952109
RELIANCE,AXISBANK,0.6498504076605376
SBILIFE,AXISBANK,0.6008547907020819
SBIN,AXISBANK,0.7726752205300446
SHRIRAMFIN,AXISBANK,0.7407593343072062
SUNPHARMA,AXISBANK,0.6208543400068692
TATACONSUM,AXISBANK,0.5310756510234869
TATAMOTORS,AXISBANK,0.5968310346878768
TATASTEEL,AXISBANK,0.7096679237986815
TCS,AXISBANK,0.5964713596493342
TECHM,AXISBANK,0.6814830653333904
TITAN,AXISBANK,0.0026429015749367
TRENT,AXISBANK,0.7354663141609868
ULTRACEMCO,AXISBANK,0.8676938536347363
WIPRO,AXISBANK,0.6745425272023488
ADANIENT,BAJAJ-AUTO,0.6345507533314997
ADANIPORTS,BAJAJ-AUTO,0.8877179967624219
APOLLOHOSP,BAJAJ-AUTO,0.8937532995257987
ASIANPAINT,BAJAJ-AUTO,-0.1625632462683933
AXISBANK,BAJAJ-AUTO,0.7428496914220011
BAJAJ-AUTO,BAJAJ-AUTO,1.0
BAJAJFINSV,BAJAJ-AUTO,0.5163647143841672
BAJFINANCE,BAJAJ-AUTO,-0.3229367487874184
BEL,BAJAJ-AUTO,0.8726666242854089
BHARTIARTL,BAJAJ-AUTO,0.9510099135478604
BPCL,BAJAJ-AUTO,0.9242632690230084
BRITANNIA,BAJAJ-AUTO,0.828766882586925
CIPLA,BAJAJ-AUTO,0.9516920144497248
COALINDIA,BAJAJ-AUTO,0.8960681810297983
DRREDDY,BAJAJ-AUTO,0.834473834135207
EICHERMOT,BAJAJ-AUTO,0.8476524470762183
GRASIM,BAJAJ-AUTO,0.9023197997657902
HCLTECH,BAJAJ-AUTO,0.7519698831343531
HDFCBANK,BAJAJ-AUTO,0.453886290974814
HDFCLIFE,BAJAJ-AUTO,0.3839159562842023
HEROMOTOCO,BAJAJ-AUTO,0.9312820812427168
HINDALCO,BAJAJ-AUTO,0.8687573412579457
HINDUNILVR,BAJAJ-AUTO,0.4240067154397107
ICICIBANK,BAJAJ-AUTO,0.9202960361470752
INDUSINDBK,BAJAJ-AUTO,-0.348109106011939
INFY,BAJAJ-AUTO,0.7262791198747619
ITC,BAJAJ-AUTO,0.5207861029942724
JSWSTEEL,BAJAJ-AUTO,0.8837367037077551
KOTAKBANK,BAJAJ-AUTO,0.1706004201227352
LT,BAJAJ-AUTO,0.7462047167275212
M&M,BAJAJ-AUTO,0.8931602606696479
MARUTI,BAJAJ-AUTO,0.793629742199792
NESTLEIND,BAJAJ-AUTO,0.296110750298644
NTPC,BAJAJ-AUTO,0.9562632047038242
ONGC,BAJAJ-AUTO,0.8504366108603953
POWERGRID,BAJAJ-AUTO,0.9318575524547432
RELIANCE,BAJAJ-AUTO,0.728359469203144
SBILIFE,BAJAJ-AUTO,0.8218330589818938
SBIN,BAJAJ-AUTO,0.8517529073283504
SHRIRAMFIN,BAJAJ-AUTO,0.9373933519524688
SUNPHARMA,BAJAJ-AUTO,0.9455713001891604
TATACONSUM,BAJAJ-AUTO,0.7113795172283751
TATAMOTORS,BAJAJ-AUTO,0.7863091126071748
TATASTEEL,BAJAJ-AUTO,0.745495897018963
TCS,BAJAJ-AUTO,0.8226054603800891
TECHM,BAJAJ-AUTO,0.8018322018775743
TITAN,BAJAJ-AUTO,0.1997104077447439
TRENT,BAJAJ-AUTO,0.9363827154609689
ULTRACEMCO,BAJAJ-AUTO,0.8608691409388928
WIPRO,BAJAJ-AUTO,0.8164226906710325
ADANIENT,BAJAJFINSV,0.0801126221968526
ADANIPORTS,BAJAJFINSV,0.2150854807524908
APOLLOHOSP,BAJAJFINSV,0.5091495667181837
ASIANPAINT,BAJAJFINSV,0.4634438298513162
AXISBANK,BAJAJFINSV,0.3345580156401301
BAJAJ-AUTO,BAJAJFINSV,0.5163647143841672
BAJAJFINSV,BAJAJFINSV,1.0
BAJFINANCE,BAJAJFINSV,0.3854756012262854
BEL,BAJAJFINSV,0.2482879397933314
BHARTIARTL,BAJAJFINSV,0.5179929181074756
BPCL,BAJAJFINSV,0.3237831200171864
BRITANNIA,BAJAJFINSV,0.6093965751861897
CIPLA,BAJAJFINSV,0.4067038093749577
COALINDIA,BAJAJFINSV,0.2294846116612058
DRREDDY,BAJAJFINSV,0.3769771954855537
EICHERMOT,BAJAJFINSV,0.3542117024370022
GRASIM,BAJAJFINSV,0.4335131155763149
HCLTECH,BAJAJFINSV,0.5676129040280342
HDFCBANK,BAJAJFINSV,0.5797138593197884
HDFCLIFE,BAJAJFINSV,0.6983518846978486
HEROMOTOCO,BAJAJFINSV,0.3444927155152703
HINDALCO,BAJAJFINSV,0.447122054916784
HINDUNILVR,BAJAJFINSV,0.6436582450825944
ICICIBANK,BAJAJFINSV,0.4891618807668789
INDUSINDBK,BAJAJFINSV,-0.1549091786277174
INFY,BAJAJFINSV,0.5947448221168272
ITC,BAJAJFINSV,0.7051440272709442
JSWSTEEL,BAJAJFINSV,0.5855299403464822
KOTAKBANK,BAJAJFINSV,0.53376047213581
LT,BAJAJFINSV,0.2780128763094112
M&M,BAJAJFINSV,0.4000528220665065
MARUTI,BAJAJFINSV,0.2015538362116209
NESTLEIND,BAJAJFINSV,0.1984997461522362
NTPC,BAJAJFINSV,0.4597466581521798
ONGC,BAJAJFINSV,0.1825600950860681
POWERGRID,BAJAJFINSV,0.2971331909126957
RELIANCE,BAJAJFINSV,0.0423752815818981
SBILIFE,BAJAJFINSV,0.689048533113038
SBIN,BAJAJFINSV,0.1266426061774747
SHRIRAMFIN,BAJAJFINSV,0.6183331142860465
SUNPHARMA,BAJAJFINSV,0.518523118214677
TATACONSUM,BAJAJFINSV,0.193070113608351
TATAMOTORS,BAJAJFINSV,0.0880770959774042
TATASTEEL,BAJAJFINSV,0.0663937421695199
TCS,BAJAJFINSV,0.4166179841239265
TECHM,BAJAJFINSV,0.5648440583068746
TITAN,BAJAJFINSV,0.3572286754940001
TRENT,BAJAJFINSV,0.5759214665793225
ULTRACEMCO,BAJAJFINSV,0.44890463576596
WIPRO,BAJAJFINSV,0.3838620958309887
ADANIENT,BAJFINANCE,-0.4373087548192713
ADANIPORTS,BAJFINANCE,-0.4861277803165635
APOLLOHOSP,BAJFINANCE,-0.4108917612883689
ASIANPAINT,BAJFINANCE,0.6094270895386497
AXISBANK,BAJFINANCE,-0.1552495092482639
BAJAJ-AUTO,BAJFINANCE,-0.3229367487874184
BAJAJFINSV,BAJFINANCE,0.3854756012262854
BAJFINANCE,BAJFINANCE,1.0
BEL,BAJFINANCE,-0.3532683173458816
BHARTIARTL,BAJFINANCE,-0.2800859122761693
BPCL,BAJFINANCE,-0.5531931110868734
BRITANNIA,BAJFINANCE,-0.0997843055383862
CIPLA,BAJFINANCE,-0.4167873667740755
COALINDIA,BAJFINANCE,-0.511341485338252
DRREDDY,BAJFINANCE,-0.4362590874267277
EICHERMOT,BAJFINANCE,-0.3023169244482742
GRASIM,BAJFINANCE,-0.2863972247261521
HCLTECH,BAJFINANCE,-0.3455066846515032
HDFCBANK,BAJFINANCE,0.2508512252248757
HDFCLIFE,BAJFINANCE,0.1541584391299827
HEROMOTOCO,BAJFINANCE,-0.3750131185548866
HINDALCO,BAJFINANCE,-0.2017746559919995
HINDUNILVR,BAJFINANCE,0.2799554326981198
ICICIBANK,BAJFINANCE,-0.3025481155145723
INDUSINDBK,BAJFINANCE,0.2907515630587141
INFY,BAJFINANCE,-0.2260298283272668
ITC,BAJFINANCE,0.2029605776384523
JSWSTEEL,BAJFINANCE,-0.1556704196074119
KOTAKBANK,BAJFINANCE,0.3781031208399388
LT,BAJFINANCE,-0.3256357454619282
M&M,BAJFINANCE,-0.2580447360726958
MARUTI,BAJFINANCE,-0.3072959700443418
NESTLEIND,BAJFINANCE,0.0268720876151225
NTPC,BAJFINANCE,-0.400142259102266
ONGC,BAJFINANCE,-0.5316579330588623
POWERGRID,BAJFINANCE,-0.4546510839815807
RELIANCE,BAJFINANCE,-0.4733314905261732
SBILIFE,BAJFINANCE,-0.1541233565127505
SBIN,BAJFINANCE,-0.5175128093722439
SHRIRAMFIN,BAJFINANCE,-0.2048177059472503
SUNPHARMA,BAJFINANCE,-0.4183150888286528
TATACONSUM,BAJFINANCE,-0.4220369832678674
TATAMOTORS,BAJFINANCE,-0.5329799828559246
TATASTEEL,BAJFINANCE,-0.3368645231294012
TCS,BAJFINANCE,-0.4159279783696286
TECHM,BAJFINANCE,-0.2190300963221318
TITAN,BAJFINANCE,0.0389630669531253
TRENT,BAJFINANCE,-0.2679626331843619
ULTRACEMCO,BAJFINANCE,-0.2611716363247152
WIPRO,BAJFINANCE,-0.4347657399470566
ADANIENT,BEL,0.59763449269856
ADANIPORTS,BEL,0.9003771041460743
APOLLOHOSP,BEL,0.7521385738847542
ASIANPAINT,BEL,-0.2462626649160336
AXISBANK,BEL,0.8630114680436077
BAJAJ-AUTO,BEL,0.8726666242854089
BAJAJFINSV,BEL,0.2482879397933314
BAJFINANCE,BEL,-0.3532683173458816
BEL,BEL,1.0
BHARTIARTL,BEL,0.9042697541807811
BPCL,BEL,0.8398312221284953
BRITANNIA,BEL,0.7965703032187772
CIPLA,BEL,0.8608338895923134
COALINDIA,BEL,0.8897248871583378
DRREDDY,BEL,0.7800237927207376
EICHERMOT,BEL,0.9353745345712262
GRASIM,BEL,0.9455387974585584
HCLTECH,BEL,0.5661250850849452
HDFCBANK,BEL,0.5384974378627083
HDFCLIFE,BEL,0.300118446907855
HEROMOTOCO,BEL,0.9002833073319139
HINDALCO,BEL,0.904585461614306
HINDUNILVR,BEL,0.3823449350574825
ICICIBANK,BEL,0.9089986993488188
INDUSINDBK,BEL,-0.415287879381785
INFY,BEL,0.6184844591966517
ITC,BEL,0.4760324557490643
JSWSTEEL,BEL,0.8730371307740897
KOTAKBANK,BEL,0.1137731668434555
LT,BEL,0.7291876914622811
M&M,BEL,0.9493235102769728
MARUTI,BEL,0.7707218663280343
NESTLEIND,BEL,0.1596405305413064
NTPC,BEL,0.905960804004115
ONGC,BEL,0.8506908572894624
POWERGRID,BEL,0.957863665743382
RELIANCE,BEL,0.7234721921207014
SBILIFE,BEL,0.6824440186629083
SBIN,BEL,0.925348709652664
SHRIRAMFIN,BEL,0.8418509244303114
SUNPHARMA,BEL,0.8045297264243688
TATACONSUM,BEL,0.603617904675356
TATAMOTORS,BEL,0.7611308471293223
TATASTEEL,BEL,0.8116770381905587
TCS,BEL,0.7233807167928441
TECHM,BEL,0.7770037096359014
TITAN,BEL,-0.0931562659298588
TRENT,BEL,0.8632419184620038
ULTRACEMCO,BEL,0.8947768312653933
WIPRO,BEL,0.7510171209608822
ADANIENT,BHARTIARTL,0.4822981319322695
ADANIPORTS,BHARTIARTL,0.8199704773749248
APOLLOHOSP,BHARTIARTL,0.865525104185081
ASIANPAINT,BHARTIARTL,-0.1780326187242144
AXISBANK,BHARTIARTL,0.7676273538904844
BAJAJ-AUTO,BHARTIARTL,0.9510099135478604
BAJAJFINSV,BHARTIARTL,0.5179929181074756
BAJFINANCE,BHARTIARTL,-0.2800859122761693
BEL,BHARTIARTL,0.9042697541807811
BHARTIARTL,BHARTIARTL,1.0
BPCL,BHARTIARTL,0.8492122803802475
BRITANNIA,BHARTIARTL,0.8565987579154647
CIPLA,BHARTIARTL,0.899716584498209
COALINDIA,BHARTIARTL,0.8294304243472997
DRREDDY,BHARTIARTL,0.8069015711380538
EICHERMOT,BHARTIARTL,0.8958394973710554
GRASIM,BHARTIARTL,0.9422735363056384
HCLTECH,BHARTIARTL,0.7458894417638895
HDFCBANK,BHARTIARTL,0.5870431584835524
HDFCLIFE,BHARTIARTL,0.4914536337217515
HEROMOTOCO,BHARTIARTL,0.877966985346441
HINDALCO,BHARTIARTL,0.9070022380493924
HINDUNILVR,BHARTIARTL,0.4897885077361517
ICICIBANK,BHARTIARTL,0.9666736260257266
INDUSINDBK,BHARTIARTL,-0.5417832803750192
INFY,BHARTIARTL,0.7658127609616012
ITC,BHARTIARTL,0.623880545477268
JSWSTEEL,BHARTIARTL,0.9268153767578136
KOTAKBANK,BHARTIARTL,0.1700623900704771
LT,BHARTIARTL,0.6553018736817975
M&M,BHARTIARTL,0.9521570138028604
MARUTI,BHARTIARTL,0.7261387509485148
NESTLEIND,BHARTIARTL,0.0830650892684085
NTPC,BHARTIARTL,0.9401361164273394
ONGC,BHARTIARTL,0.7915371237410322
POWERGRID,BHARTIARTL,0.9221917729902606
RELIANCE,BHARTIARTL,0.5863837999359099
SBILIFE,BHARTIARTL,0.8109115916316896
SBIN,BHARTIARTL,0.8320219870883375
SHRIRAMFIN,BHARTIARTL,0.9567993572752044
SUNPHARMA,BHARTIARTL,0.9323695970360876
TATACONSUM,BHARTIARTL,0.5522068713669022
TATAMOTORS,BHARTIARTL,0.6627003083016769
TATASTEEL,BHARTIARTL,0.6735966826492794
TCS,BHARTIARTL,0.7665840150010085
TECHM,BHARTIARTL,0.8962608595084216
TITAN,BHARTIARTL,-0.0094074354473283
TRENT,BHARTIARTL,0.9762636778480906
ULTRACEMCO,BHARTIARTL,0.8692629570507991
WIPRO,BHARTIARTL,0.8022701206195124
ADANIENT,BPCL,0.7595871081140044
ADANIPORTS,BPCL,0.9410678490782776
APOLLOHOSP,BPCL,0.872683538671911
ASIANPAINT,BPCL,-0.2524396814080742
AXISBANK,BPCL,0.6741796150910543
BAJAJ-AUTO,BPCL,0.9242632690230084
BAJAJFINSV,BPCL,0.3237831200171864
BAJFINANCE,BPCL,-0.5531931110868734
BEL,BPCL,0.8398312221284953
BHARTIARTL,BPCL,0.8492122803802475
BPCL,BPCL,1.0
BRITANNIA,BPCL,0.7229385273895169
CIPLA,BPCL,0.9309655536022796
COALINDIA,BPCL,0.9610710053277194
DRREDDY,BPCL,0.8714254892664491
EICHERMOT,BPCL,0.8006238975175163
GRASIM,BPCL,0.8454598464269085
HCLTECH,BPCL,0.7081921102470324
HDFCBANK,BPCL,0.2534679797947888
HDFCLIFE,BPCL,0.2584400910477691
HEROMOTOCO,BPCL,0.903493254316495
HINDALCO,BPCL,0.7754890903860588
HINDUNILVR,BPCL,0.2660866491877017
ICICIBANK,BPCL,0.8376099584295206
INDUSINDBK,BPCL,-0.2806250675486268
INFY,BPCL,0.6668439336676539
ITC,BPCL,0.3571697530906532
JSWSTEEL,BPCL,0.7737565069617389
KOTAKBANK,BPCL,0.0283229377991263
LT,BPCL,0.7676872661451408
M&M,BPCL,0.7995570299904875
MARUTI,BPCL,0.8054268628858737
NESTLEIND,BPCL,0.2996355089867554
NTPC,BPCL,0.9406555136116947
ONGC,BPCL,0.9327281177840194
POWERGRID,BPCL,0.9346245934103496
RELIANCE,BPCL,0.8329487788637838
SBILIFE,BPCL,0.7637669115309121
SBIN,BPCL,0.8982376168730359
SHRIRAMFIN,BPCL,0.8347038355621033
SUNPHARMA,BPCL,0.9090310353726316
TATACONSUM,BPCL,0.7930831322574216
TATAMOTORS,BPCL,0.897281050005485
TATASTEEL,BPCL,0.7676706437459374
TCS,BPCL,0.8603503667314548
TECHM,BPCL,0.6974714971644536
TITAN,BPCL,0.2351492063447993
TRENT,BPCL,0.8383125509665613
ULTRACEMCO,BPCL,0.8053000352159124
WIPRO,BPCL,0.8071652478048826
ADANIENT,BRITANNIA,0.4472742029047517
ADANIPORTS,BRITANNIA,0.7293830687509824
APOLLOHOSP,BRITANNIA,0.7618796921171641
ASIANPAINT,BRITANNIA,0.2445279852965381
AXISBANK,BRITANNIA,0.7958166476843193
BAJAJ-AUTO,BRITANNIA,0.828766882586925
BAJAJFINSV,BRITANNIA,0.6093965751861897
BAJFINANCE,BRITANNIA,-0.0997843055383862
BEL,BRITANNIA,0.7965703032187772
BHARTIARTL,BRITANNIA,0.8565987579154647
BPCL,BRITANNIA,0.7229385273895169
BRITANNIA,BRITANNIA,1.0
CIPLA,BRITANNIA,0.8019060085180576
COALINDIA,BRITANNIA,0.7572866326632018
DRREDDY,BRITANNIA,0.7928527813538138
EICHERMOT,BRITANNIA,0.7882232342959914
GRASIM,BRITANNIA,0.8711755811698282
HCLTECH,BRITANNIA,0.6702676348039407
HDFCBANK,BRITANNIA,0.6498418396053547
HDFCLIFE,BRITANNIA,0.5806116002052435
HEROMOTOCO,BRITANNIA,0.8370226493994474
HINDALCO,BRITANNIA,0.8357784094257448
HINDUNILVR,BRITANNIA,0.7790827113362175
ICICIBANK,BRITANNIA,0.8226258071369481
INDUSINDBK,BRITANNIA,-0.2808545673356541
INFY,BRITANNIA,0.8089771183280823
ITC,BRITANNIA,0.7859894404157832
JSWSTEEL,BRITANNIA,0.84091361542704
KOTAKBANK,BRITANNIA,0.4464928413849727
LT,BRITANNIA,0.5843673741076214
M&M,BRITANNIA,0.8303135134175962
MARUTI,BRITANNIA,0.5509233625973495
NESTLEIND,BRITANNIA,0.3293748783899717
NTPC,BRITANNIA,0.8453961609296256
ONGC,BRITANNIA,0.7102571185904315
POWERGRID,BRITANNIA,0.8022943596862355
RELIANCE,BRITANNIA,0.538830028710418
SBILIFE,BRITANNIA,0.861755505434634
SBIN,BRITANNIA,0.6420530567856555
SHRIRAMFIN,BRITANNIA,0.8841880004601295
SUNPHARMA,BRITANNIA,0.7852001684686708
TATACONSUM,BRITANNIA,0.6140768436430395
TATAMOTORS,BRITANNIA,0.5784350297061293
TATASTEEL,BRITANNIA,0.5114803298666842
TCS,BRITANNIA,0.7526016784139941
TECHM,BRITANNIA,0.840976718978649
TITAN,BRITANNIA,0.1299588650984868
TRENT,BRITANNIA,0.8675089680802406
ULTRACEMCO,BRITANNIA,0.9037613909806396
WIPRO,BRITANNIA,0.7039427402590349
ADANIENT,CIPLA,0.6547694370054815
ADANIPORTS,CIPLA,0.8939696441711728
APOLLOHOSP,CIPLA,0.8955055959455007
ASIANPAINT,CIPLA,-0.2012122430492108
AXISBANK,CIPLA,0.6952999626463763
BAJAJ-AUTO,CIPLA,0.9516920144497248
BAJAJFINSV,CIPLA,0.4067038093749577
BAJFINANCE,CIPLA,-0.4167873667740755
BEL,CIPLA,0.8608338895923134
BHARTIARTL,CIPLA,0.899716584498209
BPCL,CIPLA,0.9309655536022796
BRITANNIA,CIPLA,0.8019060085180576
CIPLA,CIPLA,1.0
COALINDIA,CIPLA,0.906812920753154
DRREDDY,CIPLA,0.8767995910569715
EICHERMOT,CIPLA,0.785886974772337
GRASIM,CIPLA,0.8698375087196725
HCLTECH,CIPLA,0.7692627870828627
HDFCBANK,CIPLA,0.3553147474316569
HDFCLIFE,CIPLA,0.3632460323627413
HEROMOTOCO,CIPLA,0.9165668461448816
HINDALCO,CIPLA,0.7826652652314855
HINDUNILVR,CIPLA,0.4132788290982704
ICICIBANK,CIPLA,0.8752183518876935
INDUSINDBK,CIPLA,-0.3503090971716456
INFY,CIPLA,0.7566707734736695
ITC,CIPLA,0.4738040811757751
JSWSTEEL,CIPLA,0.8065240068726247
KOTAKBANK,CIPLA,0.1091926656639571
LT,CIPLA,0.7358372190365611
M&M,CIPLA,0.8565058494729644
MARUTI,CIPLA,0.7411997592701324
NESTLEIND,CIPLA,0.279261473199463
NTPC,CIPLA,0.922394819480567
ONGC,CIPLA,0.8840161786763125
POWERGRID,CIPLA,0.9228977175743728
RELIANCE,CIPLA,0.7552216765754466
SBILIFE,CIPLA,0.8175313216558421
SBIN,CIPLA,0.8464575122828584
SHRIRAMFIN,CIPLA,0.9077953858300462
SUNPHARMA,CIPLA,0.9342150848829835
TATACONSUM,CIPLA,0.7541879199952783
TATAMOTORS,CIPLA,0.811918769656016
TATASTEEL,CIPLA,0.6980852956632786
TCS,CIPLA,0.8607130680903086
TECHM,CIPLA,0.7912089125701404
TITAN,CIPLA,0.1930354940860551
TRENT,CIPLA,0.8967539063736883
ULTRACEMCO,CIPLA,0.8533158975750493
WIPRO,CIPLA,0.8391500316465665
ADANIENT,COALINDIA,0.7621596921916636
ADANIPORTS,COALINDIA,0.9588401223463892
APOLLOHOSP,COALINDIA,0.8000671157712271
ASIANPAINT,COALINDIA,-0.2001259398297805
AXISBANK,COALINDIA,0.7378415362164875
BAJAJ-AUTO,COALINDIA,0.8960681810297983
BAJAJFINSV,COALINDIA,0.2294846116612058
BAJFINANCE,COALINDIA,-0.511341485338252
BEL,COALINDIA,0.8897248871583378
BHARTIARTL,COALINDIA,0.8294304243472997
BPCL,COALINDIA,0.9610710053277194
BRITANNIA,COALINDIA,0.7572866326632018
CIPLA,COALINDIA,0.906812920753154
COALINDIA,COALINDIA,1.0
DRREDDY,COALINDIA,0.8666040293586266
EICHERMOT,COALINDIA,0.8271532292799474
GRASIM,COALINDIA,0.8636589045358464
HCLTECH,COALINDIA,0.5988017833872461
HDFCBANK,COALINDIA,0.2666414070628438
HDFCLIFE,COALINDIA,0.2010220544071018
HEROMOTOCO,COALINDIA,0.929801262471531
HINDALCO,COALINDIA,0.8140894881481946
HINDUNILVR,COALINDIA,0.3123932130230331
ICICIBANK,COALINDIA,0.8088457563649171
INDUSINDBK,COALINDIA,-0.1913422531559504
INFY,COALINDIA,0.6145824615001034
ITC,COALINDIA,0.3671837254825638
JSWSTEEL,COALINDIA,0.7592022670169494
KOTAKBANK,COALINDIA,0.0732535184718878
LT,COALINDIA,0.765980174847642
M&M,COALINDIA,0.8159492291814114
MARUTI,COALINDIA,0.8304489266043448
NESTLEIND,COALINDIA,0.3665225076178618
NTPC,COALINDIA,0.9258780759497912
ONGC,COALINDIA,0.961233550739584
POWERGRID,COALINDIA,0.9492457761513894
RELIANCE,COALINDIA,0.8810091190165277
SBILIFE,COALINDIA,0.7279512778129262
SBIN,COALINDIA,0.9049110478324538
SHRIRAMFIN,COALINDIA,0.807217661320143
SUNPHARMA,COALINDIA,0.8390630900189207
TATACONSUM,COALINDIA,0.8234755160478098
TATAMOTORS,COALINDIA,0.9279766986491366
TATASTEEL,COALINDIA,0.8203652385645183
TCS,COALINDIA,0.8195958122011833
TECHM,COALINDIA,0.6597765506213455
TITAN,COALINDIA,0.1747558789489856
TRENT,COALINDIA,0.8047742857363264
ULTRACEMCO,COALINDIA,0.8332104133002121
WIPRO,COALINDIA,0.7458551079039911
ADANIENT,DRREDDY,0.5688550753295272
ADANIPORTS,DRREDDY,0.8332518239853467
APOLLOHOSP,DRREDDY,0.857217756546787
ASIANPAINT,DRREDDY,-0.066455104866477
AXISBANK,DRREDDY,0.6437012415647024
BAJAJ-AUTO,DRREDDY,0.834473834135207
BAJAJFINSV,DRREDDY,0.3769771954855537
BAJFINANCE,DRREDDY,-0.4362590874267277
BEL,DRREDDY,0.7800237927207376
BHARTIARTL,DRREDDY,0.8069015711380538
BPCL,DRREDDY,0.8714254892664491
BRITANNIA,DRREDDY,0.7928527813538138
CIPLA,DRREDDY,0.8767995910569715
COALINDIA,DRREDDY,0.8666040293586266
DRREDDY,DRREDDY,1.0
EICHERMOT,DRREDDY,0.7126117653991099
GRASIM,DRREDDY,0.8599526528480711
HCLTECH,DRREDDY,0.7660183860143409
HDFCBANK,DRREDDY,0.375200002101304
HDFCLIFE,DRREDDY,0.5052613744997698
HEROMOTOCO,DRREDDY,0.7988831800086034
HINDALCO,DRREDDY,0.6766917084260297
HINDUNILVR,DRREDDY,0.5028090395442976
ICICIBANK,DRREDDY,0.8110257955643374
INDUSINDBK,DRREDDY,-0.3253394615856836
INFY,DRREDDY,0.8215543220985158
ITC,DRREDDY,0.5534795122483117
JSWSTEEL,DRREDDY,0.7131510254659623
KOTAKBANK,DRREDDY,0.1972274356243491
LT,DRREDDY,0.647002429677981
M&M,DRREDDY,0.7567646215928817
MARUTI,DRREDDY,0.6645421799923553
NESTLEIND,DRREDDY,0.2982928119592411
NTPC,DRREDDY,0.8718294427143848
ONGC,DRREDDY,0.90502611719238
POWERGRID,DRREDDY,0.8566775179560205
RELIANCE,DRREDDY,0.7285782413993963
SBILIFE,DRREDDY,0.8702473503838025
SBIN,DRREDDY,0.7640812073562191
SHRIRAMFIN,DRREDDY,0.8549785073335553
SUNPHARMA,DRREDDY,0.8809251776143424
TATACONSUM,DRREDDY,0.7522795846929448
TATAMOTORS,DRREDDY,0.8106217149081596
TATASTEEL,DRREDDY,0.5465892944468831
TCS,DRREDDY,0.9064112511634452
TECHM,DRREDDY,0.7836065673580284
TITAN,DRREDDY,0.1719294755554383
TRENT,DRREDDY,0.8287238318672498
ULTRACEMCO,DRREDDY,0.8347417106163249
WIPRO,DRREDDY,0.8206118796503319
ADANIENT,EICHERMOT,0.4805961580581713
ADANIPORTS,EICHERMOT,0.8091431925605874
APOLLOHOSP,EICHERMOT,0.7204222158202189
ASIANPAINT,EICHERMOT,-0.1664839572086981
AXISBANK,EICHERMOT,0.8398005857768195
BAJAJ-AUTO,EICHERMOT,0.8476524470762183
BAJAJFINSV,EICHERMOT,0.3542117024370022
BAJFINANCE,EICHERMOT,-0.3023169244482742
BEL,EICHERMOT,0.9353745345712262
BHARTIARTL,EICHERMOT,0.8958394973710554
BPCL,EICHERMOT,0.8006238975175163
BRITANNIA,EICHERMOT,0.7882232342959914
CIPLA,EICHERMOT,0.785886974772337
COALINDIA,EICHERMOT,0.8271532292799474
DRREDDY,EICHERMOT,0.7126117653991099
EICHERMOT,EICHERMOT,1.0
GRASIM,EICHERMOT,0.9205843074951608
HCLTECH,EICHERMOT,0.5171006075981597
HDFCBANK,EICHERMOT,0.6053432262430096
HDFCLIFE,EICHERMOT,0.3685140309068196
HEROMOTOCO,EICHERMOT,0.8473018750203503
HINDALCO,EICHERMOT,0.9216140633084922
HINDUNILVR,EICHERMOT,0.4089356369603273
ICICIBANK,EICHERMOT,0.8974914881812674
INDUSINDBK,EICHERMOT,-0.4551003938050432
INFY,EICHERMOT,0.5775181706527488
ITC,EICHERMOT,0.5447444757982078
JSWSTEEL,EICHERMOT,0.9003163019327673
KOTAKBANK,EICHERMOT,0.0969891815240272
LT,EICHERMOT,0.6485908424445499
M&M,EICHERMOT,0.9324235003404748
MARUTI,EICHERMOT,0.7625024700456127
NESTLEIND,EICHERMOT,0.1049855348101907
NTPC,EICHERMOT,0.8805307688221008
ONGC,EICHERMOT,0.7703437544365186
POWERGRID,EICHERMOT,0.9110303741128184
RELIANCE,EICHERMOT,0.5983262458976656
SBILIFE,EICHERMOT,0.6907857602985038
SBIN,EICHERMOT,0.8679226005799718
SHRIRAMFIN,EICHERMOT,0.8193450725362849
SUNPHARMA,EICHERMOT,0.7775502741152853
TATACONSUM,EICHERMOT,0.4887149709757198
TATAMOTORS,EICHERMOT,0.6755282595073717
TATASTEEL,EICHERMOT,0.7633912681769225
TCS,EICHERMOT,0.6701310392212039
TECHM,EICHERMOT,0.766645038987333
TITAN,EICHERMOT,-0.1123145988021811
TRENT,EICHERMOT,0.8647146332789252
ULTRACEMCO,EICHERMOT,0.84436037163875
WIPRO,EICHERMOT,0.6635695904186335
ADANIENT,GRASIM,0.5074928275039854
ADANIPORTS,GRASIM,0.8594286475832317
APOLLOHOSP,GRASIM,0.8073654457618805
ASIANPAINT,GRASIM,-0.1280884569588399
AXISBANK,GRASIM,0.8481081092169431
BAJAJ-AUTO,GRASIM,0.9023197997657902
BAJAJFINSV,GRASIM,0.4335131155763149
BAJFINANCE,GRASIM,-0.2863972247261521
BEL,GRASIM,0.9455387974585584
BHARTIARTL,GRASIM,0.9422735363056384
BPCL,GRASIM,0.8454598464269085
BRITANNIA,GRASIM,0.8711755811698282
CIPLA,GRASIM,0.8698375087196725
COALINDIA,GRASIM,0.8636589045358464
DRREDDY,GRASIM,0.8599526528480711
EICHERMOT,GRASIM,0.9205843074951608
GRASIM,GRASIM,1.0
HCLTECH,GRASIM,0.6661227879363933
HDFCBANK,GRASIM,0.5890559814171581
HDFCLIFE,GRASIM,0.4705457068872117
HEROMOTOCO,GRASIM,0.8838639817914131
HINDALCO,GRASIM,0.8992215597878828
HINDUNILVR,GRASIM,0.5134875668285125
ICICIBANK,GRASIM,0.9559139017022832
INDUSINDBK,GRASIM,-0.4491655031726774
INFY,GRASIM,0.7417125315003439
ITC,GRASIM,0.6119813055644684
JSWSTEEL,GRASIM,0.9041232193034362
KOTAKBANK,GRASIM,0.1997434104805003
LT,GRASIM,0.6768049411750989
M&M,GRASIM,0.9449444463922396
MARUTI,GRASIM,0.758344778178196
NESTLEIND,GRASIM,0.1837118521955782
NTPC,GRASIM,0.926510069829052
ONGC,GRASIM,0.84962281398489
POWERGRID,GRASIM,0.9460821658754344
RELIANCE,GRASIM,0.6756042712675248
SBILIFE,GRASIM,0.8131899732948842
SBIN,GRASIM,0.8745648958657147
SHRIRAMFIN,GRASIM,0.9157798238757426
SUNPHARMA,GRASIM,0.874052873738518
TATACONSUM,GRASIM,0.602998309131647
TATAMOTORS,GRASIM,0.7363983602940837
TATASTEEL,GRASIM,0.7196754227943563
TCS,GRASIM,0.7959759306399216
TECHM,GRASIM,0.8579165636757765
TITAN,GRASIM,-0.0332424784098457
TRENT,GRASIM,0.9247358677608158
ULTRACEMCO,GRASIM,0.920997950268564
WIPRO,GRASIM,0.7955647326872287
ADANIENT,HCLTECH,0.4408688645773878
ADANIPORTS,HCLTECH,0.6288886163486805
APOLLOHOSP,HCLTECH,0.912644574834505
ASIANPAINT,HCLTECH,-0.0841153237084752
AXISBANK,HCLTECH,0.4531070592083118
BAJAJ-AUTO,HCLTECH,0.7519698831343531
BAJAJFINSV,HCLTECH,0.5676129040280342
BAJFINANCE,HCLTECH,-0.3455066846515032
BEL,HCLTECH,0.5661250850849452
BHARTIARTL,HCLTECH,0.7458894417638895
BPCL,HCLTECH,0.7081921102470324
BRITANNIA,HCLTECH,0.6702676348039407
CIPLA,HCLTECH,0.7692627870828627
COALINDIA,HCLTECH,0.5988017833872461
DRREDDY,HCLTECH,0.7660183860143409
EICHERMOT,HCLTECH,0.5171006075981597
GRASIM,HCLTECH,0.6661227879363933
HCLTECH,HCLTECH,1.0
HDFCBANK,HCLTECH,0.4481724854406466
HDFCLIFE,HCLTECH,0.6054803355367119
HEROMOTOCO,HCLTECH,0.6392404362877918
HINDALCO,HCLTECH,0.5549331718336871
HINDUNILVR,HCLTECH,0.4356885711940622
ICICIBANK,HCLTECH,0.7440211813762344
INDUSINDBK,HCLTECH,-0.4783683914922657
INFY,HCLTECH,0.9118857453784426
ITC,HCLTECH,0.5575282197442113
JSWSTEEL,HCLTECH,0.6851424902878576
KOTAKBANK,HCLTECH,0.3241573386360746
LT,HCLTECH,0.5809595749070826
M&M,HCLTECH,0.6100783176093902
MARUTI,HCLTECH,0.3069546860770356
NESTLEIND,HCLTECH,0.0791337341876507
NTPC,HCLTECH,0.7586759974874353
ONGC,HCLTECH,0.6148101234323803
POWERGRID,HCLTECH,0.6500005380682087
RELIANCE,HCLTECH,0.4441612666073618
SBILIFE,HCLTECH,0.7870222318712714
SBIN,HCLTECH,0.5373729597930117
SHRIRAMFIN,HCLTECH,0.8151996304212041
SUNPHARMA,HCLTECH,0.8720107185190508
TATACONSUM,HCLTECH,0.5442796171298031
TATAMOTORS,HCLTECH,0.4861056478632437
TATASTEEL,HCLTECH,0.2539231267001723
TCS,HCLTECH,0.8265954227603347
TECHM,HCLTECH,0.8523735255402417
TITAN,HCLTECH,0.3055848748380879
TRENT,HCLTECH,0.7966566381450597
ULTRACEMCO,HCLTECH,0.7288889492724339
WIPRO,HCLTECH,0.8983240415303866
ADANIENT,HDFCBANK,0.0457322736837505
ADANIPORTS,HDFCBANK,0.3160199287725025
APOLLOHOSP,HDFCBANK,0.4292883999013759
ASIANPAINT,HDFCBANK,0.2986231423107545
AXISBANK,HDFCBANK,0.634657569590408
BAJAJ-AUTO,HDFCBANK,0.453886290974814
BAJAJFINSV,HDFCBANK,0.5797138593197884
BAJFINANCE,HDFCBANK,0.2508512252248757
BEL,HDFCBANK,0.5384974378627083
BHARTIARTL,HDFCBANK,0.5870431584835524
BPCL,HDFCBANK,0.2534679797947888
BRITANNIA,HDFCBANK,0.6498418396053547
CIPLA,HDFCBANK,0.3553147474316569
COALINDIA,HDFCBANK,0.2666414070628438
DRREDDY,HDFCBANK,0.375200002101304
EICHERMOT,HDFCBANK,0.6053432262430096
GRASIM,HDFCBANK,0.5890559814171581
HCLTECH,HDFCBANK,0.4481724854406466
HDFCBANK,HDFCBANK,1.0
HDFCLIFE,HDFCBANK,0.6816587768311662
HEROMOTOCO,HDFCBANK,0.4020287763766623
HINDALCO,HDFCBANK,0.6182079803921154
HINDUNILVR,HDFCBANK,0.628153286011898
ICICIBANK,HDFCBANK,0.6175972441660601
INDUSINDBK,HDFCBANK,-0.4045517614070752
INFY,HDFCBANK,0.5376334994732926
ITC,HDFCBANK,0.7168686775987188
JSWSTEEL,HDFCBANK,0.7194891821823653
KOTAKBANK,HDFCBANK,0.5379579291567561
LT,HDFCBANK,0.3384925471430661
M&M,HDFCBANK,0.6225297924983534
MARUTI,HDFCBANK,0.1453202028521652
NESTLEIND,HDFCBANK,-0.021093492422116
NTPC,HDFCBANK,0.5042831391286818
ONGC,HDFCBANK,0.198028803042276
POWERGRID,HDFCBANK,0.4368425898529657
RELIANCE,HDFCBANK,0.0306310568773213
SBILIFE,HDFCBANK,0.5331631968194723
SBIN,HDFCBANK,0.3204877022798185
SHRIRAMFIN,HDFCBANK,0.6059232400775018
SUNPHARMA,HDFCBANK,0.438075826931113
TATACONSUM,HDFCBANK,0.0308120435701655
TATAMOTORS,HDFCBANK,0.061323944167344
TATASTEEL,HDFCBANK,0.1995434700635073
TCS,HDFCBANK,0.334125907443266
TECHM,HDFCBANK,0.6913463914371982
TITAN,HDFCBANK,-0.0957712419289817
TRENT,HDFCBANK,0.6157998718331988
ULTRACEMCO,HDFCBANK,0.6522751128755849
WIPRO,HDFCBANK,0.4442018928780119
ADANIENT,HDFCLIFE,-0.1298515348445786
ADANIPORTS,HDFCLIFE,0.1697700508735655
APOLLOHOSP,HDFCLIFE,0.4836894494902635
ASIANPAINT,HDFCLIFE,0.3839151171257889
AXISBANK,HDFCLIFE,0.2583527308869287
BAJAJ-AUTO,HDFCLIFE,0.3839159562842023
BAJAJFINSV,HDFCLIFE,0.6983518846978486
BAJFINANCE,HDFCLIFE,0.1541584391299827
BEL,HDFCLIFE,0.300118446907855
BHARTIARTL,HDFCLIFE,0.4914536337217515
BPCL,HDFCLIFE,0.2584400910477691
BRITANNIA,HDFCLIFE,0.5806116002052435
CIPLA,HDFCLIFE,0.3632460323627413
COALINDIA,HDFCLIFE,0.2010220544071018
DRREDDY,HDFCLIFE,0.5052613744997698
EICHERMOT,HDFCLIFE,0.3685140309068196
GRASIM,HDFCLIFE,0.4705457068872117
HCLTECH,HDFCLIFE,0.6054803355367119
HDFCBANK,HDFCLIFE,0.6816587768311662
HDFCLIFE,HDFCLIFE,1.0
HEROMOTOCO,HDFCLIFE,0.2277079306747867
HINDALCO,HDFCLIFE,0.3355314162141907
HINDUNILVR,HDFCLIFE,0.7256994690213122
ICICIBANK,HDFCLIFE,0.4821960725919276
INDUSINDBK,HDFCLIFE,-0.4404210837558277
INFY,HDFCLIFE,0.7114276057045846
ITC,HDFCLIFE,0.8303696707284175
JSWSTEEL,HDFCLIFE,0.4980231040754589
KOTAKBANK,HDFCLIFE,0.5018640628913147
LT,HDFCLIFE,0.1757024017376061
M&M,HDFCLIFE,0.4262394350683033
MARUTI,HDFCLIFE,0.0755432313011883
NESTLEIND,HDFCLIFE,-0.0933114030377783
NTPC,HDFCLIFE,0.4145099043260305
ONGC,HDFCLIFE,0.2388374951274396
POWERGRID,HDFCLIFE,0.2881390891079158
RELIANCE,HDFCLIFE,-0.0843473468490784
SBILIFE,HDFCLIFE,0.7444828851037557
SBIN,HDFCLIFE,0.1135479858375055
SHRIRAMFIN,HDFCLIFE,0.5863479673794666
SUNPHARMA,HDFCLIFE,0.5160443956008727
TATACONSUM,HDFCLIFE,0.0722664082420873
TATAMOTORS,HDFCLIFE,0.061970926689815
TATASTEEL,HDFCLIFE,-0.1353732199642417
TCS,HDFCLIFE,0.4682493053579137
TECHM,HDFCLIFE,0.6883227651239858
TITAN,HDFCLIFE,0.0510894305934525
TRENT,HDFCLIFE,0.5865302309986424
ULTRACEMCO,HDFCLIFE,0.4760963021296422
WIPRO,HDFCLIFE,0.3883820530636802
ADANIENT,HEROMOTOCO,0.7228603819141266
ADANIPORTS,HEROMOTOCO,0.9271672554172784
APOLLOHOSP,HEROMOTOCO,0.8130798084505924
ASIANPAINT,HEROMOTOCO,-0.1341356134459742
AXISBANK,HEROMOTOCO,0.8369531516798163
BAJAJ-AUTO,HEROMOTOCO,0.9312820812427168
BAJAJFINSV,HEROMOTOCO,0.3444927155152703
BAJFINANCE,HEROMOTOCO,-0.3750131185548866
BEL,HEROMOTOCO,0.9002833073319139
BHARTIARTL,HEROMOTOCO,0.877966985346441
BPCL,HEROMOTOCO,0.903493254316495
BRITANNIA,HEROMOTOCO,0.8370226493994474
CIPLA,HEROMOTOCO,0.9165668461448816
COALINDIA,HEROMOTOCO,0.929801262471531
DRREDDY,HEROMOTOCO,0.7988831800086034
EICHERMOT,HEROMOTOCO,0.8473018750203503
GRASIM,HEROMOTOCO,0.8838639817914131
HCLTECH,HEROMOTOCO,0.6392404362877918
HDFCBANK,HEROMOTOCO,0.4020287763766623
HDFCLIFE,HEROMOTOCO,0.2277079306747867
HEROMOTOCO,HEROMOTOCO,1.0
HINDALCO,HEROMOTOCO,0.8666087329906583
HINDUNILVR,HEROMOTOCO,0.4183236651744789
ICICIBANK,HEROMOTOCO,0.855330999076256
INDUSINDBK,HEROMOTOCO,-0.2066086988322844
INFY,HEROMOTOCO,0.6629609203127896
ITC,HEROMOTOCO,0.4287188325280064
JSWSTEEL,HEROMOTOCO,0.8238983930239032
KOTAKBANK,HEROMOTOCO,0.1850671129135317
LT,HEROMOTOCO,0.7706718318139055
M&M,HEROMOTOCO,0.8662771642746232
MARUTI,HEROMOTOCO,0.759388146750982
NESTLEIND,HEROMOTOCO,0.3834627517342263
NTPC,HEROMOTOCO,0.9131639970389134
ONGC,HEROMOTOCO,0.8634405341511749
POWERGRID,HEROMOTOCO,0.938814178406918
RELIANCE,HEROMOTOCO,0.8277319048885786
SBILIFE,HEROMOTOCO,0.7328636724577432
SBIN,HEROMOTOCO,0.865972458672592
SHRIRAMFIN,HEROMOTOCO,0.8520395819200179
SUNPHARMA,HEROMOTOCO,0.8320845241850473
TATACONSUM,HEROMOTOCO,0.7773155652448152
TATAMOTORS,HEROMOTOCO,0.8286698554229301
TATASTEEL,HEROMOTOCO,0.8064888278881912
TCS,HEROMOTOCO,0.7969151807093467
TECHM,HEROMOTOCO,0.7331931253767823
TITAN,HEROMOTOCO,0.2003004457347132
TRENT,HEROMOTOCO,0.8424140919102607
ULTRACEMCO,HEROMOTOCO,0.9017787325646148
WIPRO,HEROMOTOCO,0.7897816944440457
ADANIENT,HINDALCO,0.5385127277834093
ADANIPORTS,HINDALCO,0.804026435334685
APOLLOHOSP,HINDALCO,0.7215007819635239
ASIANPAINT,HINDALCO,-0.083139270136691
AXISBANK,HINDALCO,0.8346635212278637
BAJAJ-AUTO,HINDALCO,0.8687573412579457
BAJAJFINSV,HINDALCO,0.447122054916784
BAJFINANCE,HINDALCO,-0.2017746559919995
BEL,HINDALCO,0.904585461614306
BHARTIARTL,HINDALCO,0.9070022380493924
BPCL,HINDALCO,0.7754890903860588
BRITANNIA,HINDALCO,0.8357784094257448
CIPLA,HINDALCO,0.7826652652314855
COALINDIA,HINDALCO,0.8140894881481946
DRREDDY,HINDALCO,0.6766917084260297
EICHERMOT,HINDALCO,0.9216140633084922
GRASIM,HINDALCO,0.8992215597878828
HCLTECH,HINDALCO,0.5549331718336871
HDFCBANK,HINDALCO,0.6182079803921154
HDFCLIFE,HINDALCO,0.3355314162141907
HEROMOTOCO,HINDALCO,0.8666087329906583
HINDALCO,HINDALCO,1.0
HINDUNILVR,HINDALCO,0.4343441660039165
ICICIBANK,HINDALCO,0.8737233322851976
INDUSINDBK,HINDALCO,-0.3553032608454067
INFY,HINDALCO,0.5938374366347323
ITC,HINDALCO,0.558062975592568
JSWSTEEL,HINDALCO,0.9378463040036682
KOTAKBANK,HINDALCO,0.2258224414582125
LT,HINDALCO,0.6743724983227691
M&M,HINDALCO,0.907417299422366
MARUTI,HINDALCO,0.7083235127732208
NESTLEIND,HINDALCO,0.185538797362498
NTPC,HINDALCO,0.8905200223872589
ONGC,HINDALCO,0.7237903318421097
POWERGRID,HINDALCO,0.8776407116189993
RELIANCE,HINDALCO,0.604286109088899
SBILIFE,HINDALCO,0.6622374746061896
SBIN,HINDALCO,0.8094660454105053
SHRIRAMFIN,HINDALCO,0.8387389108143689
SUNPHARMA,HINDALCO,0.777966957803201
TATACONSUM,HINDALCO,0.5210391571968538
TATAMOTORS,HINDALCO,0.6384707621914023
TATASTEEL,HINDALCO,0.774772774068913
TCS,HINDALCO,0.6393247444872316
TECHM,HINDALCO,0.7714676997757514
TITAN,HINDALCO,-0.011418768015881
TRENT,HINDALCO,0.871178042479427
ULTRACEMCO,HINDALCO,0.8530771774072109
WIPRO,HINDALCO,0.6788499537337002
ADANIENT,HINDUNILVR,-0.0239913230838818
ADANIPORTS,HINDUNILVR,0.2389125696833676
APOLLOHOSP,HINDUNILVR,0.3881731101608939
ASIANPAINT,HINDUNILVR,0.6097370648344237
AXISBANK,HINDUNILVR,0.4743299961213238
BAJAJ-AUTO,HINDUNILVR,0.4240067154397107
BAJAJFINSV,HINDUNILVR,0.6436582450825944
BAJFINANCE,HINDUNILVR,0.2799554326981198
BEL,HINDUNILVR,0.3823449350574825
BHARTIARTL,HINDUNILVR,0.4897885077361517
BPCL,HINDUNILVR,0.2660866491877017
BRITANNIA,HINDUNILVR,0.7790827113362175
CIPLA,HINDUNILVR,0.4132788290982704
COALINDIA,HINDUNILVR,0.3123932130230331
DRREDDY,HINDUNILVR,0.5028090395442976
EICHERMOT,HINDUNILVR,0.4089356369603273
GRASIM,HINDUNILVR,0.5134875668285125
HCLTECH,HINDUNILVR,0.4356885711940622
HDFCBANK,HINDUNILVR,0.628153286011898
HDFCLIFE,HINDUNILVR,0.7256994690213122
HEROMOTOCO,HINDUNILVR,0.4183236651744789
HINDALCO,HINDUNILVR,0.4343441660039165
HINDUNILVR,HINDUNILVR,1.0
ICICIBANK,HINDUNILVR,0.4425392149605008
INDUSINDBK,HINDUNILVR,-0.1392556544205753
INFY,HINDUNILVR,0.7002113666818104
ITC,HINDUNILVR,0.8607102631258968
JSWSTEEL,HINDUNILVR,0.4917832361694296
KOTAKBANK,HINDUNILVR,0.5757596647076676
LT,HINDUNILVR,0.14653055001398
M&M,HINDUNILVR,0.4883483514067671
MARUTI,HINDUNILVR,0.1432216374121749
NESTLEIND,HINDUNILVR,0.2321814279112522
NTPC,HINDUNILVR,0.4181800500672407
ONGC,HINDUNILVR,0.3009792299619304
POWERGRID,HINDUNILVR,0.3697600824002474
RELIANCE,HINDUNILVR,0.0867100692275038
SBILIFE,HINDUNILVR,0.7365006458602001
SBIN,HINDUNILVR,0.1354692275906757
SHRIRAMFIN,HINDUNILVR,0.5943180831424936
SUNPHARMA,HINDUNILVR,0.4106435321907296
TATACONSUM,HINDUNILVR,0.2852531583796595
TATAMOTORS,HINDUNILVR,0.137444668653435
TATASTEEL,HINDUNILVR,-0.0060379810013911
TCS,HINDUNILVR,0.4818964927996297
TECHM,HINDUNILVR,0.6312787411987365
TITAN,HINDUNILVR,0.0926488120658723
TRENT,HINDUNILVR,0.5583737891565351
ULTRACEMCO,HINDUNILVR,0.5859024184725877
WIPRO,HINDUNILVR,0.3346765289008435
ADANIENT,ICICIBANK,0.4963290230604016
ADANIPORTS,ICICIBANK,0.8319205961236245
APOLLOHOSP,ICICIBANK,0.8531083324281526
ASIANPAINT,ICICIBANK,-0.2114883420659712
AXISBANK,ICICIBANK,0.8196406924090625
BAJAJ-AUTO,ICICIBANK,0.9202960361470752
BAJAJFINSV,ICICIBANK,0.4891618807668789
BAJFINANCE,ICICIBANK,-0.3025481155145723
BEL,ICICIBANK,0.9089986993488188
BHARTIARTL,ICICIBANK,0.9666736260257266
BPCL,ICICIBANK,0.8376099584295206
BRITANNIA,ICICIBANK,0.8226258071369481
CIPLA,ICICIBANK,0.8752183518876935
COALINDIA,ICICIBANK,0.8088457563649171
DRREDDY,ICICIBANK,0.8110257955643374
EICHERMOT,ICICIBANK,0.8974914881812674
GRASIM,ICICIBANK,0.9559139017022832
HCLTECH,ICICIBANK,0.7440211813762344
HDFCBANK,ICICIBANK,0.6175972441660601
HDFCLIFE,ICICIBANK,0.4821960725919276
HEROMOTOCO,ICICIBANK,0.855330999076256
HINDALCO,ICICIBANK,0.8737233322851976
HINDUNILVR,ICICIBANK,0.4425392149605008
ICICIBANK,ICICIBANK,1.0
INDUSINDBK,ICICIBANK,-0.5597991977293877
INFY,ICICIBANK,0.7528906352932669
ITC,ICICIBANK,0.5884755710458852
JSWSTEEL,ICICIBANK,0.9216764780528732
KOTAKBANK,ICICIBANK,0.170005295197077
LT,ICICIBANK,0.6891925528306648
M&M,ICICIBANK,0.935417410465399
MARUTI,ICICIBANK,0.7039146224929236
NESTLEIND,ICICIBANK,0.0953225339500534
NTPC,ICICIBANK,0.929571464040986
ONGC,ICICIBANK,0.7886995887806151
POWERGRID,ICICIBANK,0.9260414623446444
RELIANCE,ICICIBANK,0.6118056082897678
SBILIFE,ICICIBANK,0.793786941502684
SBIN,ICICIBANK,0.8668541885159345
SHRIRAMFIN,ICICIBANK,0.933821847542018
SUNPHARMA,ICICIBANK,0.9162501994369994
TATACONSUM,ICICIBANK,0.5366597396892312
TATAMOTORS,ICICIBANK,0.6664116727122384
TATASTEEL,ICICIBANK,0.6724812433575394
TCS,ICICIBANK,0.7815045627178959
TECHM,ICICIBANK,0.8865077769639168
TITAN,ICICIBANK,-0.0303447302623316
TRENT,ICICIBANK,0.9477485769721372
ULTRACEMCO,ICICIBANK,0.8852319712858066
WIPRO,ICICIBANK,0.8457957703603992
ADANIENT,INDUSINDBK,0.1412911149861531
ADANIPORTS,INDUSINDBK,-0.1956351234307375
APOLLOHOSP,INDUSINDBK,-0.4474254569977597
ASIANPAINT,INDUSINDBK,0.4419908719317094
AXISBANK,INDUSINDBK,-0.2053237006271183
BAJAJ-AUTO,INDUSINDBK,-0.348109106011939
BAJAJFINSV,INDUSINDBK,-0.1549091786277174
BAJFINANCE,INDUSINDBK,0.2907515630587141
BEL,INDUSINDBK,-0.415287879381785
BHARTIARTL,INDUSINDBK,-0.5417832803750192
BPCL,INDUSINDBK,-0.2806250675486268
BRITANNIA,INDUSINDBK,-0.2808545673356541
CIPLA,INDUSINDBK,-0.3503090971716456
COALINDIA,INDUSINDBK,-0.1913422531559504
DRREDDY,INDUSINDBK,-0.3253394615856836
EICHERMOT,INDUSINDBK,-0.4551003938050432
GRASIM,INDUSINDBK,-0.4491655031726774
HCLTECH,INDUSINDBK,-0.4783683914922657
HDFCBANK,INDUSINDBK,-0.4045517614070752
HDFCLIFE,INDUSINDBK,-0.4404210837558277
HEROMOTOCO,INDUSINDBK,-0.2066086988322844
HINDALCO,INDUSINDBK,-0.3553032608454067
HINDUNILVR,INDUSINDBK,-0.1392556544205753
ICICIBANK,INDUSINDBK,-0.5597991977293877
INDUSINDBK,INDUSINDBK,1.0
INFY,INDUSINDBK,-0.4637500611147599
ITC,INDUSINDBK,-0.355026220446543
JSWSTEEL,INDUSINDBK,-0.4744066881687476
KOTAKBANK,INDUSINDBK,0.2048477839689087
LT,INDUSINDBK,-0.0157830164925861
M&M,INDUSINDBK,-0.5307393689866783
MARUTI,INDUSINDBK,-0.1464382174580509
NESTLEIND,INDUSINDBK,0.6375490154227792
NTPC,INDUSINDBK,-0.3834214604446247
ONGC,INDUSINDBK,-0.2242506164133966
POWERGRID,INDUSINDBK,-0.390738278454972
RELIANCE,INDUSINDBK,0.1093409468915428
SBILIFE,INDUSINDBK,-0.3112504999110622
SBIN,INDUSINDBK,-0.3769491144028229
SHRIRAMFIN,INDUSINDBK,-0.4565203872021874
SUNPHARMA,INDUSINDBK,-0.5129218549648473
TATACONSUM,INDUSINDBK,0.1893293514930073
TATAMOTORS,INDUSINDBK,-0.0076692227609327
TATASTEEL,INDUSINDBK,-0.0661458392407752
TCS,INDUSINDBK,-0.289134220685032
TECHM,INDUSINDBK,-0.6373990352190202
TITAN,INDUSINDBK,0.5583375751479674
TRENT,INDUSINDBK,-0.5545163227986423
ULTRACEMCO,INDUSINDBK,-0.3167506027679906
WIPRO,INDUSINDBK,-0.4530527432399299
ADANIENT,INFY,0.3332415225882267
ADANIPORTS,INFY,0.6045065401223914
APOLLOHOSP,INFY,0.8431843255969412
ASIANPAINT,INFY,0.1065844166263671
AXISBANK,INFY,0.5402659338539659
BAJAJ-AUTO,INFY,0.7262791198747619
BAJAJFINSV,INFY,0.5947448221168272
BAJFINANCE,INFY,-0.2260298283272668
BEL,INFY,0.6184844591966517
BHARTIARTL,INFY,0.7658127609616012
BPCL,INFY,0.6668439336676539
BRITANNIA,INFY,0.8089771183280823
CIPLA,INFY,0.7566707734736695
COALINDIA,INFY,0.6145824615001034
DRREDDY,INFY,0.8215543220985158
EICHERMOT,INFY,0.5775181706527488
GRASIM,INFY,0.7417125315003439
HCLTECH,INFY,0.9118857453784426
HDFCBANK,INFY,0.5376334994732926
HDFCLIFE,INFY,0.7114276057045846
HEROMOTOCO,INFY,0.6629609203127896
HINDALCO,INFY,0.5938374366347323
HINDUNILVR,INFY,0.7002113666818104
ICICIBANK,INFY,0.7528906352932669
INDUSINDBK,INFY,-0.4637500611147599
INFY,INFY,1.0
ITC,INFY,0.7552828501232095
JSWSTEEL,INFY,0.6989658583587406
KOTAKBANK,INFY,0.4038199321676496
LT,INFY,0.4902183272058151
M&M,INFY,0.6769320564303446
MARUTI,INFY,0.3102706725570724
NESTLEIND,INFY,0.0846128518029278
NTPC,INFY,0.7503237231240086
ONGC,INFY,0.649910442055893
POWERGRID,INFY,0.6765040933525162
RELIANCE,INFY,0.4075773196736602
SBILIFE,INFY,0.8808159799598366
SBIN,INFY,0.5038172969099297
SHRIRAMFIN,INFY,0.8493512086818646
SUNPHARMA,INFY,0.825532244963489
TATACONSUM,INFY,0.5413162279657461
TATAMOTORS,INFY,0.4704756541142708
TATASTEEL,INFY,0.2057909586641748
TCS,INFY,0.8641395931323832
TECHM,INFY,0.920674543175198
TITAN,INFY,0.1925922009260192
TRENT,INFY,0.8236328581512676
ULTRACEMCO,INFY,0.7968390075824343
WIPRO,INFY,0.828120542880312
ADANIENT,ITC,0.0113379190744508
ADANIPORTS,ITC,0.3343719897743307
APOLLOHOSP,ITC,0.5304592733613384
ASIANPAINT,ITC,0.4608871998581531
AXISBANK,ITC,0.4640639935529251
BAJAJ-AUTO,ITC,0.5207861029942724
BAJAJFINSV,ITC,0.7051440272709442
BAJFINANCE,ITC,0.2029605776384523
BEL,ITC,0.4760324557490643
BHARTIARTL,ITC,0.623880545477268
BPCL,ITC,0.3571697530906532
BRITANNIA,ITC,0.7859894404157832
CIPLA,ITC,0.4738040811757751
COALINDIA,ITC,0.3671837254825638
DRREDDY,ITC,0.5534795122483117
EICHERMOT,ITC,0.5447444757982078
GRASIM,ITC,0.6119813055644684
HCLTECH,ITC,0.5575282197442113
HDFCBANK,ITC,0.7168686775987188
HDFCLIFE,ITC,0.8303696707284175
HEROMOTOCO,ITC,0.4287188325280064
HINDALCO,ITC,0.558062975592568
HINDUNILVR,ITC,0.8607102631258968
ICICIBANK,ITC,0.5884755710458852
INDUSINDBK,ITC,-0.355026220446543
INFY,ITC,0.7552828501232095
ITC,ITC,1.0
JSWSTEEL,ITC,0.6254176072898809
KOTAKBANK,ITC,0.4942594080958275
LT,ITC,0.3122169709478316
M&M,ITC,0.559995831160455
MARUTI,ITC,0.2056069468388782
NESTLEIND,ITC,0.0648569289270564
NTPC,ITC,0.5575550957248271
ONGC,ITC,0.3898091377510672
POWERGRID,ITC,0.45430449930233
RELIANCE,ITC,0.0824136131063149
SBILIFE,ITC,0.7855468893636502
SBIN,ITC,0.2419653377688536
SHRIRAMFIN,ITC,0.6849811377607827
SUNPHARMA,ITC,0.5622375841286414
TATACONSUM,ITC,0.273792821120662
TATAMOTORS,ITC,0.2034798596575637
TATASTEEL,ITC,0.0468239058044711
TCS,ITC,0.5630233007863746
TECHM,ITC,0.756250672217792
TITAN,ITC,0.0869424317242855
TRENT,ITC,0.6705344471464619
ULTRACEMCO,ITC,0.6322360992736126
WIPRO,ITC,0.4210182032033205
ADANIENT,JSWSTEEL,0.5006417648818475
ADANIPORTS,JSWSTEEL,0.7677507799535565
APOLLOHOSP,JSWSTEEL,0.8001061772877041
ASIANPAINT,JSWSTEEL,-0.0601942827849116
AXISBANK,JSWSTEEL,0.8111168615538308
BAJAJ-AUTO,JSWSTEEL,0.8837367037077551
BAJAJFINSV,JSWSTEEL,0.5855299403464822
BAJFINANCE,JSWSTEEL,-0.1556704196074119
BEL,JSWSTEEL,0.8730371307740897
BHARTIARTL,JSWSTEEL,0.9268153767578136
BPCL,JSWSTEEL,0.7737565069617389
BRITANNIA,JSWSTEEL,0.84091361542704
CIPLA,JSWSTEEL,0.8065240068726247
COALINDIA,JSWSTEEL,0.7592022670169494
DRREDDY,JSWSTEEL,0.7131510254659623
EICHERMOT,JSWSTEEL,0.9003163019327673
GRASIM,JSWSTEEL,0.9041232193034362
HCLTECH,JSWSTEEL,0.6851424902878576
HDFCBANK,JSWSTEEL,0.7194891821823653
HDFCLIFE,JSWSTEEL,0.4980231040754589
HEROMOTOCO,JSWSTEEL,0.8238983930239032
HINDALCO,JSWSTEEL,0.9378463040036682
HINDUNILVR,JSWSTEEL,0.4917832361694296
ICICIBANK,JSWSTEEL,0.9216764780528732
INDUSINDBK,JSWSTEEL,-0.4744066881687476
INFY,JSWSTEEL,0.6989658583587406
ITC,JSWSTEEL,0.6254176072898809
JSWSTEEL,JSWSTEEL,1.0
KOTAKBANK,JSWSTEEL,0.2936143521641424
LT,JSWSTEEL,0.6706960776804818
M&M,JSWSTEEL,0.9227543814143304
MARUTI,JSWSTEEL,0.6503201169860867
NESTLEIND,JSWSTEEL,0.1276931116599703
NTPC,JSWSTEEL,0.90518808386351
ONGC,JSWSTEEL,0.6804280387466698
POWERGRID,JSWSTEEL,0.8627540506007725
RELIANCE,JSWSTEEL,0.5181131117067194
SBILIFE,JSWSTEEL,0.7417673373261212
SBIN,JSWSTEEL,0.7826611525357825
SHRIRAMFIN,JSWSTEEL,0.8949824275284101
SUNPHARMA,JSWSTEEL,0.843468523880075
TATACONSUM,JSWSTEEL,0.4517561697302534
TATAMOTORS,JSWSTEEL,0.5640402585843056
TATASTEEL,JSWSTEEL,0.6857167314277872
TCS,JSWSTEEL,0.6864311241262453
TECHM,JSWSTEEL,0.858026628734963
TITAN,JSWSTEEL,0.0257339457650059
TRENT,JSWSTEEL,0.9222858491624653
ULTRACEMCO,JSWSTEEL,0.877394065004623
WIPRO,JSWSTEEL,0.7645973765833091
ADANIENT,KOTAKBANK,0.1023112588081361
ADANIPORTS,KOTAKBANK,0.1000267391374349
APOLLOHOSP,KOTAKBANK,0.2347335997333066
ASIANPAINT,KOTAKBANK,0.57557142639897
AXISBANK,KOTAKBANK,0.2755031169727321
BAJAJ-AUTO,KOTAKBANK,0.1706004201227352
BAJAJFINSV,KOTAKBANK,0.53376047213581
BAJFINANCE,KOTAKBANK,0.3781031208399388
BEL,KOTAKBANK,0.1137731668434555
BHARTIARTL,KOTAKBANK,0.1700623900704771
BPCL,KOTAKBANK,0.0283229377991263
BRITANNIA,KOTAKBANK,0.4464928413849727
CIPLA,KOTAKBANK,0.1091926656639571
COALINDIA,KOTAKBANK,0.0732535184718878
DRREDDY,KOTAKBANK,0.1972274356243491
EICHERMOT,KOTAKBANK,0.0969891815240272
GRASIM,KOTAKBANK,0.1997434104805003
HCLTECH,KOTAKBANK,0.3241573386360746
HDFCBANK,KOTAKBANK,0.5379579291567561
HDFCLIFE,KOTAKBANK,0.5018640628913147
HEROMOTOCO,KOTAKBANK,0.1850671129135317
HINDALCO,KOTAKBANK,0.2258224414582125
HINDUNILVR,KOTAKBANK,0.5757596647076676
ICICIBANK,KOTAKBANK,0.170005295197077
INDUSINDBK,KOTAKBANK,0.2048477839689087
INFY,KOTAKBANK,0.4038199321676496
ITC,KOTAKBANK,0.4942594080958275
JSWSTEEL,KOTAKBANK,0.2936143521641424
KOTAKBANK,KOTAKBANK,1.0
LT,KOTAKBANK,0.2551748169466005
M&M,KOTAKBANK,0.1385373130971589
MARUTI,KOTAKBANK,-0.0903441313055805
NESTLEIND,KOTAKBANK,0.3978734797512773
NTPC,KOTAKBANK,0.1860220766299479
ONGC,KOTAKBANK,0.035872941757482
POWERGRID,KOTAKBANK,0.0730382026620167
RELIANCE,KOTAKBANK,0.0743785817501811
SBILIFE,KOTAKBANK,0.3835026176644054
SBIN,KOTAKBANK,-0.0950346704690507
SHRIRAMFIN,KOTAKBANK,0.284805858392827
SUNPHARMA,KOTAKBANK,0.1412766079577058
TATACONSUM,KOTAKBANK,0.1993543759783767
TATAMOTORS,KOTAKBANK,-0.0151445150206241
TATASTEEL,KOTAKBANK,-0.0756196081949772
TCS,KOTAKBANK,0.2143491069510438
TECHM,KOTAKBANK,0.2987843275239182
TITAN,KOTAKBANK,0.3858783098207894
TRENT,KOTAKBANK,0.2086776709194839
ULTRACEMCO,KOTAKBANK,0.3898270795066652
WIPRO,KOTAKBANK,0.226876508415672
ADANIENT,LT,0.8111180741500102
ADANIPORTS,LT,0.8548557174619258
APOLLOHOSP,LT,0.7126291241937273
ASIANPAINT,LT,-0.1406694286008874
AXISBANK,LT,0.6532091350511129
BAJAJ-AUTO,LT,0.7462047167275212
BAJAJFINSV,LT,0.2780128763094112
BAJFINANCE,LT,-0.3256357454619282
BEL,LT,0.7291876914622811
BHARTIARTL,LT,0.6553018736817975
BPCL,LT,0.7676872661451408
BRITANNIA,LT,0.5843673741076214
CIPLA,LT,0.7358372190365611
COALINDIA,LT,0.765980174847642
DRREDDY,LT,0.647002429677981
EICHERMOT,LT,0.6485908424445499
GRASIM,LT,0.6768049411750989
HCLTECH,LT,0.5809595749070826
HDFCBANK,LT,0.3384925471430661
HDFCLIFE,LT,0.1757024017376061
HEROMOTOCO,LT,0.7706718318139055
HINDALCO,LT,0.6743724983227691
HINDUNILVR,LT,0.14653055001398
ICICIBANK,LT,0.6891925528306648
INDUSINDBK,LT,-0.0157830164925861
INFY,LT,0.4902183272058151
ITC,LT,0.3122169709478316
JSWSTEEL,LT,0.6706960776804818
KOTAKBANK,LT,0.2551748169466005
LT,LT,1.0
M&M,LT,0.6048544976208058
MARUTI,LT,0.6083759903681721
NESTLEIND,LT,0.4358262035310311
NTPC,LT,0.7882074264273231
ONGC,LT,0.7421453113739718
POWERGRID,LT,0.7415447663272845
RELIANCE,LT,0.7914930331269079
SBILIFE,LT,0.5641557883955515
SBIN,LT,0.7408397994804009
SHRIRAMFIN,LT,0.6379931464281877
SUNPHARMA,LT,0.6851343374541591
TATACONSUM,LT,0.7567943194356042
TATAMOTORS,LT,0.7801239713741059
TATASTEEL,LT,0.7122082531888729
TCS,LT,0.7016787704861326
TECHM,LT,0.5224177865556389
TITAN,LT,0.4625555886915863
TRENT,LT,0.5998171816394762
ULTRACEMCO,LT,0.7460064058207753
WIPRO,LT,0.7045118923924284
ADANIENT,M&M,0.4588021149726259
ADANIPORTS,M&M,0.8029665019931398
APOLLOHOSP,M&M,0.7586097812847482
ASIANPAINT,M&M,-0.2123990361319992
AXISBANK,M&M,0.8222750581850612
BAJAJ-AUTO,M&M,0.8931602606696479
BAJAJFINSV,M&M,0.4000528220665065
BAJFINANCE,M&M,-0.2580447360726958
BEL,M&M,0.9493235102769728
BHARTIARTL,M&M,0.9521570138028604
BPCL,M&M,0.7995570299904875
BRITANNIA,M&M,0.8303135134175962
CIPLA,M&M,0.8565058494729644
COALINDIA,M&M,0.8159492291814114
DRREDDY,M&M,0.7567646215928817
EICHERMOT,M&M,0.9324235003404748
GRASIM,M&M,0.9449444463922396
HCLTECH,M&M,0.6100783176093902
HDFCBANK,M&M,0.6225297924983534
HDFCLIFE,M&M,0.4262394350683033
HEROMOTOCO,M&M,0.8662771642746232
HINDALCO,M&M,0.907417299422366
HINDUNILVR,M&M,0.4883483514067671
ICICIBANK,M&M,0.935417410465399
INDUSINDBK,M&M,-0.5307393689866783
INFY,M&M,0.6769320564303446
ITC,M&M,0.559995831160455
JSWSTEEL,M&M,0.9227543814143304
KOTAKBANK,M&M,0.1385373130971589
LT,M&M,0.6048544976208058
M&M,M&M,1.0
MARUTI,M&M,0.7519297078093347
NESTLEIND,M&M,0.0743000027963519
NTPC,M&M,0.8924515293828282
ONGC,M&M,0.7624893100232502
POWERGRID,M&M,0.9263690873902298
RELIANCE,M&M,0.5666594928295265
SBILIFE,M&M,0.7320694642308035
SBIN,M&M,0.8618522260172207
SHRIRAMFIN,M&M,0.8942789390193729
SUNPHARMA,M&M,0.8411845969315677
TATACONSUM,M&M,0.4783656078458503
TATAMOTORS,M&M,0.6379888483282937
TATASTEEL,M&M,0.7356198096595433
TCS,M&M,0.6893387378065899
TECHM,M&M,0.845474803654318
TITAN,M&M,-0.1560136206508952
TRENT,M&M,0.9293316713582448
ULTRACEMCO,M&M,0.870364115245027
WIPRO,M&M,0.7343464326655784
ADANIENT,MARUTI,0.5767689418147363
ADANIPORTS,MARUTI,0.7835462041180126
APOLLOHOSP,MARUTI,0.5638280917303646
ASIANPAINT,MARUTI,-0.2999570220523266
AXISBANK,MARUTI,0.5965354418542929
BAJAJ-AUTO,MARUTI,0.793629742199792
BAJAJFINSV,MARUTI,0.2015538362116209
BAJFINANCE,MARUTI,-0.3072959700443418
BEL,MARUTI,0.7707218663280343
BHARTIARTL,MARUTI,0.7261387509485148
BPCL,MARUTI,0.8054268628858737
BRITANNIA,MARUTI,0.5509233625973495
CIPLA,MARUTI,0.7411997592701324
COALINDIA,MARUTI,0.8304489266043448
DRREDDY,MARUTI,0.6645421799923553
EICHERMOT,MARUTI,0.7625024700456127
GRASIM,MARUTI,0.758344778178196
HCLTECH,MARUTI,0.3069546860770356
HDFCBANK,MARUTI,0.1453202028521652
HDFCLIFE,MARUTI,0.0755432313011883
HEROMOTOCO,MARUTI,0.759388146750982
HINDALCO,MARUTI,0.7083235127732208
HINDUNILVR,MARUTI,0.1432216374121749
ICICIBANK,MARUTI,0.7039146224929236
INDUSINDBK,MARUTI,-0.1464382174580509
INFY,MARUTI,0.3102706725570724
ITC,MARUTI,0.2056069468388782
JSWSTEEL,MARUTI,0.6503201169860867
KOTAKBANK,MARUTI,-0.0903441313055805
LT,MARUTI,0.6083759903681721
M&M,MARUTI,0.7519297078093347
MARUTI,MARUTI,1.0
NESTLEIND,MARUTI,0.3188729184054561
NTPC,MARUTI,0.752808767581237
ONGC,MARUTI,0.8066520787409174
POWERGRID,MARUTI,0.8155439446063872
RELIANCE,MARUTI,0.740895494858298
SBILIFE,MARUTI,0.552587494223084
SBIN,MARUTI,0.8411889879170794
SHRIRAMFIN,MARUTI,0.6422518521264653
SUNPHARMA,MARUTI,0.6824706043024147
TATACONSUM,MARUTI,0.6032096027837186
TATAMOTORS,MARUTI,0.8213185002073985
TATASTEEL,MARUTI,0.8757499450331293
TCS,MARUTI,0.573662718168783
TECHM,MARUTI,0.4230164263262115
TITAN,MARUTI,0.0207486443968547
TRENT,MARUTI,0.6613796835165403
ULTRACEMCO,MARUTI,0.588169421945281
WIPRO,MARUTI,0.4784991381544619
ADANIENT,NESTLEIND,0.4847274915337345
ADANIPORTS,NESTLEIND,0.3576429156182533
APOLLOHOSP,NESTLEIND,0.1671410774975484
ASIANPAINT,NESTLEIND,0.3324422662019177
AXISBANK,NESTLEIND,0.3269659301207322
BAJAJ-AUTO,NESTLEIND,0.296110750298644
BAJAJFINSV,NESTLEIND,0.1984997461522362
BAJFINANCE,NESTLEIND,0.0268720876151225
BEL,NESTLEIND,0.1596405305413064
BHARTIARTL,NESTLEIND,0.0830650892684085
BPCL,NESTLEIND,0.2996355089867554
BRITANNIA,NESTLEIND,0.3293748783899717
CIPLA,NESTLEIND,0.279261473199463
COALINDIA,NESTLEIND,0.3665225076178618
DRREDDY,NESTLEIND,0.2982928119592411
EICHERMOT,NESTLEIND,0.1049855348101907
GRASIM,NESTLEIND,0.1837118521955782
HCLTECH,NESTLEIND,0.0791337341876507
HDFCBANK,NESTLEIND,-0.021093492422116
HDFCLIFE,NESTLEIND,-0.0933114030377783
HEROMOTOCO,NESTLEIND,0.3834627517342263
HINDALCO,NESTLEIND,0.185538797362498
HINDUNILVR,NESTLEIND,0.2321814279112522
ICICIBANK,NESTLEIND,0.0953225339500534
INDUSINDBK,NESTLEIND,0.6375490154227792
INFY,NESTLEIND,0.0846128518029278
ITC,NESTLEIND,0.0648569289270564
JSWSTEEL,NESTLEIND,0.1276931116599703
KOTAKBANK,NESTLEIND,0.3978734797512773
LT,NESTLEIND,0.4358262035310311
M&M,NESTLEIND,0.0743000027963519
MARUTI,NESTLEIND,0.3188729184054561
NESTLEIND,NESTLEIND,1.0
NTPC,NESTLEIND,0.2443359633883535
ONGC,NESTLEIND,0.328911490267407
POWERGRID,NESTLEIND,0.2357802403629551
RELIANCE,NESTLEIND,0.5580563906860241
SBILIFE,NESTLEIND,0.2833019993513908
SBIN,NESTLEIND,0.1764123041028881
SHRIRAMFIN,NESTLEIND,0.1673481859297049
SUNPHARMA,NESTLEIND,0.1345451998409091
TATACONSUM,NESTLEIND,0.6562243232449929
TATAMOTORS,NESTLEIND,0.4676148192049441
TATASTEEL,NESTLEIND,0.3468987882837014
TCS,NESTLEIND,0.2899270726059387
TECHM,NESTLEIND,-0.0584057737062833
TITAN,NESTLEIND,0.6444060503409335
TRENT,NESTLEIND,0.0810629235259641
ULTRACEMCO,NESTLEIND,0.3219070476744748
WIPRO,NESTLEIND,0.1758222673035328
ADANIENT,NTPC,0.6845525984649161
ADANIPORTS,NTPC,0.9279439862802644
APOLLOHOSP,NTPC,0.9010427147162126
ASIANPAINT,NTPC,-0.1479441898445484
AXISBANK,NTPC,0.7691170175890261
BAJAJ-AUTO,NTPC,0.9562632047038242
BAJAJFINSV,NTPC,0.4597466581521798
BAJFINANCE,NTPC,-0.400142259102266
BEL,NTPC,0.905960804004115
BHARTIARTL,NTPC,0.9401361164273394
BPCL,NTPC,0.9406555136116947
BRITANNIA,NTPC,0.8453961609296256
CIPLA,NTPC,0.922394819480567
COALINDIA,NTPC,0.9258780759497912
DRREDDY,NTPC,0.8718294427143848
EICHERMOT,NTPC,0.8805307688221008
GRASIM,NTPC,0.926510069829052
HCLTECH,NTPC,0.7586759974874353
HDFCBANK,NTPC,0.5042831391286818
HDFCLIFE,NTPC,0.4145099043260305
HEROMOTOCO,NTPC,0.9131639970389134
HINDALCO,NTPC,0.8905200223872589
HINDUNILVR,NTPC,0.4181800500672407
ICICIBANK,NTPC,0.929571464040986
INDUSINDBK,NTPC,-0.3834214604446247
INFY,NTPC,0.7503237231240086
ITC,NTPC,0.5575550957248271
JSWSTEEL,NTPC,0.90518808386351
KOTAKBANK,NTPC,0.1860220766299479
LT,NTPC,0.7882074264273231
M&M,NTPC,0.8924515293828282
MARUTI,NTPC,0.752808767581237
NESTLEIND,NTPC,0.2443359633883535
NTPC,NTPC,1.0
ONGC,NTPC,0.8888295558802197
POWERGRID,NTPC,0.9576338610600478
RELIANCE,NTPC,0.7384171460852945
SBILIFE,NTPC,0.8181314824274613
SBIN,NTPC,0.8836687823003666
SHRIRAMFIN,NTPC,0.9232511547733888
SUNPHARMA,NTPC,0.9414325802050456
TATACONSUM,NTPC,0.7161622660905598
TATAMOTORS,NTPC,0.8045039381253927
TATASTEEL,NTPC,0.7395654728945988
TCS,NTPC,0.8454435971212926
TECHM,NTPC,0.8275168436764822
TITAN,NTPC,0.1643374909768584
TRENT,NTPC,0.9253231727122408
ULTRACEMCO,NTPC,0.9019473405570432
WIPRO,NTPC,0.8387021536890282
ADANIENT,ONGC,0.7051512882674962
ADANIPORTS,ONGC,0.932967814280294
APOLLOHOSP,ONGC,0.7955431027645585
ASIANPAINT,ONGC,-0.2396360929093866
AXISBANK,ONGC,0.6639914410503601
BAJAJ-AUTO,ONGC,0.8504366108603953
BAJAJFINSV,ONGC,0.1825600950860681
BAJFINANCE,ONGC,-0.5316579330588623
BEL,ONGC,0.8506908572894624
BHARTIARTL,ONGC,0.7915371237410322
BPCL,ONGC,0.9327281177840194
BRITANNIA,ONGC,0.7102571185904315
CIPLA,ONGC,0.8840161786763125
COALINDIA,ONGC,0.961233550739584
DRREDDY,ONGC,0.90502611719238
EICHERMOT,ONGC,0.7703437544365186
GRASIM,ONGC,0.84962281398489
HCLTECH,ONGC,0.6148101234323803
HDFCBANK,ONGC,0.198028803042276
HDFCLIFE,ONGC,0.2388374951274396
HEROMOTOCO,ONGC,0.8634405341511749
HINDALCO,ONGC,0.7237903318421097
HINDUNILVR,ONGC,0.3009792299619304
ICICIBANK,ONGC,0.7886995887806151
INDUSINDBK,ONGC,-0.2242506164133966
INFY,ONGC,0.649910442055893
ITC,ONGC,0.3898091377510672
JSWSTEEL,ONGC,0.6804280387466698
KOTAKBANK,ONGC,0.035872941757482
LT,ONGC,0.7421453113739718
M&M,ONGC,0.7624893100232502
MARUTI,ONGC,0.8066520787409174
NESTLEIND,ONGC,0.328911490267407
NTPC,ONGC,0.8888295558802197
ONGC,ONGC,1.0
POWERGRID,ONGC,0.9184348937663972
RELIANCE,ONGC,0.8746504638950212
SBILIFE,ONGC,0.7458609477639684
SBIN,ONGC,0.8795648621865781
SHRIRAMFIN,ONGC,0.7852791586359705
SUNPHARMA,ONGC,0.8332586847966361
TATACONSUM,ONGC,0.8366560873979226
TATAMOTORS,ONGC,0.942633543458012
TATASTEEL,ONGC,0.7376868010614455
TCS,ONGC,0.8623914769088677
TECHM,ONGC,0.6539117571534396
TITAN,ONGC,0.1583097601719755
TRENT,ONGC,0.7668380621464316
ULTRACEMCO,ONGC,0.7970860193025158
WIPRO,ONGC,0.7475494240755227
ADANIENT,POWERGRID,0.6620560055644078
ADANIPORTS,POWERGRID,0.9426155087233006
APOLLOHOSP,POWERGRID,0.8309339088305273
ASIANPAINT,POWERGRID,-0.266174449116383
AXISBANK,POWERGRID,0.8205244348952109
BAJAJ-AUTO,POWERGRID,0.9318575524547432
BAJAJFINSV,POWERGRID,0.2971331909126957
BAJFINANCE,POWERGRID,-0.4546510839815807
BEL,POWERGRID,0.957863665743382
BHARTIARTL,POWERGRID,0.9221917729902606
BPCL,POWERGRID,0.9346245934103496
BRITANNIA,POWERGRID,0.8022943596862355
CIPLA,POWERGRID,0.9228977175743728
COALINDIA,POWERGRID,0.9492457761513894
DRREDDY,POWERGRID,0.8566775179560205
EICHERMOT,POWERGRID,0.9110303741128184
GRASIM,POWERGRID,0.9460821658754344
HCLTECH,POWERGRID,0.6500005380682087
HDFCBANK,POWERGRID,0.4368425898529657
HDFCLIFE,POWERGRID,0.2881390891079158
HEROMOTOCO,POWERGRID,0.938814178406918
HINDALCO,POWERGRID,0.8776407116189993
HINDUNILVR,POWERGRID,0.3697600824002474
ICICIBANK,POWERGRID,0.9260414623446444
INDUSINDBK,POWERGRID,-0.390738278454972
INFY,POWERGRID,0.6765040933525162
ITC,POWERGRID,0.45430449930233
JSWSTEEL,POWERGRID,0.8627540506007725
KOTAKBANK,POWERGRID,0.0730382026620167
LT,POWERGRID,0.7415447663272845
M&M,POWERGRID,0.9263690873902298
MARUTI,POWERGRID,0.8155439446063872
NESTLEIND,POWERGRID,0.2357802403629551
NTPC,POWERGRID,0.9576338610600478
ONGC,POWERGRID,0.9184348937663972
POWERGRID,POWERGRID,1.0
RELIANCE,POWERGRID,0.7897714318796278
SBILIFE,POWERGRID,0.7512487373671388
SBIN,POWERGRID,0.9445688061001984
SHRIRAMFIN,POWERGRID,0.8805930209474822
SUNPHARMA,POWERGRID,0.8877417420758664
TATACONSUM,POWERGRID,0.7044875316304964
TATAMOTORS,POWERGRID,0.8398720024175516
TATASTEEL,POWERGRID,0.8100278748845077
TCS,POWERGRID,0.8115472047293281
TECHM,POWERGRID,0.7797374343087624
TITAN,POWERGRID,0.0250134556215533
TRENT,POWERGRID,0.8896794032872591
ULTRACEMCO,POWERGRID,0.8964486588136366
WIPRO,POWERGRID,0.8083812606945102
ADANIENT,RELIANCE,0.8489278671265776
ADANIPORTS,RELIANCE,0.8997935097255917
APOLLOHOSP,RELIANCE,0.6453859262206435
ASIANPAINT,RELIANCE,-0.2214555167811004
AXISBANK,RELIANCE,0.6498504076605376
BAJAJ-AUTO,RELIANCE,0.728359469203144
BAJAJFINSV,RELIANCE,0.0423752815818981
BAJFINANCE,RELIANCE,-0.4733314905261732
BEL,RELIANCE,0.7234721921207014
BHARTIARTL,RELIANCE,0.5863837999359099
BPCL,RELIANCE,0.8329487788637838
BRITANNIA,RELIANCE,0.538830028710418
CIPLA,RELIANCE,0.7552216765754466
COALINDIA,RELIANCE,0.8810091190165277
DRREDDY,RELIANCE,0.7285782413993963
EICHERMOT,RELIANCE,0.5983262458976656
GRASIM,RELIANCE,0.6756042712675248
HCLTECH,RELIANCE,0.4441612666073618
HDFCBANK,RELIANCE,0.0306310568773213
HDFCLIFE,RELIANCE,-0.0843473468490784
HEROMOTOCO,RELIANCE,0.8277319048885786
HINDALCO,RELIANCE,0.604286109088899
HINDUNILVR,RELIANCE,0.0867100692275038
ICICIBANK,RELIANCE,0.6118056082897678
INDUSINDBK,RELIANCE,0.1093409468915428
INFY,RELIANCE,0.4075773196736602
ITC,RELIANCE,0.0824136131063149
JSWSTEEL,RELIANCE,0.5181131117067194
KOTAKBANK,RELIANCE,0.0743785817501811
LT,RELIANCE,0.7914930331269079
M&M,RELIANCE,0.5666594928295265
MARUTI,RELIANCE,0.740895494858298
NESTLEIND,RELIANCE,0.5580563906860241
NTPC,RELIANCE,0.7384171460852945
ONGC,RELIANCE,0.8746504638950212
POWERGRID,RELIANCE,0.7897714318796278
RELIANCE,RELIANCE,1.0
SBILIFE,RELIANCE,0.5164301644055467
SBIN,RELIANCE,0.8012271328803086
SHRIRAMFIN,RELIANCE,0.5858166570182547
SUNPHARMA,RELIANCE,0.6321561628664764
TATACONSUM,RELIANCE,0.8894671961519666
TATAMOTORS,RELIANCE,0.9373363745300995
TATASTEEL,RELIANCE,0.8026087087647188
TCS,RELIANCE,0.7192362664568759
TECHM,RELIANCE,0.3906478970876386
TITAN,RELIANCE,0.3575077047101697
TRENT,RELIANCE,0.5352675840749082
ULTRACEMCO,RELIANCE,0.6900786297282304
WIPRO,RELIANCE,0.6669127882304187
ADANIENT,SBILIFE,0.3790758475204975
ADANIPORTS,SBILIFE,0.681708919188301
APOLLOHOSP,SBILIFE,0.8172978740710031
ASIANPAINT,SBILIFE,0.2066550962714552
AXISBANK,SBILIFE,0.6008547907020819
BAJAJ-AUTO,SBILIFE,0.8218330589818938
BAJAJFINSV,SBILIFE,0.689048533113038
BAJFINANCE,SBILIFE,-0.1541233565127505
BEL,SBILIFE,0.6824440186629083
BHARTIARTL,SBILIFE,0.8109115916316896
BPCL,SBILIFE,0.7637669115309121
BRITANNIA,SBILIFE,0.861755505434634
CIPLA,SBILIFE,0.8175313216558421
COALINDIA,SBILIFE,0.7279512778129262
DRREDDY,SBILIFE,0.8702473503838025
EICHERMOT,SBILIFE,0.6907857602985038
GRASIM,SBILIFE,0.8131899732948842
HCLTECH,SBILIFE,0.7870222318712714
HDFCBANK,SBILIFE,0.5331631968194723
HDFCLIFE,SBILIFE,0.7444828851037557
HEROMOTOCO,SBILIFE,0.7328636724577432
HINDALCO,SBILIFE,0.6622374746061896
HINDUNILVR,SBILIFE,0.7365006458602001
ICICIBANK,SBILIFE,0.793786941502684
INDUSINDBK,SBILIFE,-0.3112504999110622
INFY,SBILIFE,0.8808159799598366
ITC,SBILIFE,0.7855468893636502
JSWSTEEL,SBILIFE,0.7417673373261212
KOTAKBANK,SBILIFE,0.3835026176644054
LT,SBILIFE,0.5641557883955515
M&M,SBILIFE,0.7320694642308035
MARUTI,SBILIFE,0.552587494223084
NESTLEIND,SBILIFE,0.2833019993513908
NTPC,SBILIFE,0.8181314824274613
ONGC,SBILIFE,0.7458609477639684
POWERGRID,SBILIFE,0.7512487373671388
RELIANCE,SBILIFE,0.5164301644055467
SBILIFE,SBILIFE,1.0
SBIN,SBILIFE,0.5816821267528924
SHRIRAMFIN,SBILIFE,0.8962838238808772
SUNPHARMA,SBILIFE,0.8560649148771171
TATACONSUM,SBILIFE,0.6359849782741451
TATAMOTORS,SBILIFE,0.6231710129676689
TATASTEEL,SBILIFE,0.3646626011273781
TCS,SBILIFE,0.8597760139941663
TECHM,SBILIFE,0.8329561451565788
TITAN,SBILIFE,0.2686933062619974
TRENT,SBILIFE,0.864597342252898
ULTRACEMCO,SBILIFE,0.8087781264140435
WIPRO,SBILIFE,0.7176876078009836
ADANIENT,SBIN,0.6998647770666349
ADANIPORTS,SBIN,0.9252606663029468
APOLLOHOSP,SBIN,0.7398849609444071
ASIANPAINT,SBIN,-0.4267895452442371
AXISBANK,SBIN,0.7726752205300446
BAJAJ-AUTO,SBIN,0.8517529073283504
BAJAJFINSV,SBIN,0.1266426061774747
BAJFINANCE,SBIN,-0.5175128093722439
BEL,SBIN,0.925348709652664
BHARTIARTL,SBIN,0.8320219870883375
BPCL,SBIN,0.8982376168730359
BRITANNIA,SBIN,0.6420530567856555
CIPLA,SBIN,0.8464575122828584
COALINDIA,SBIN,0.9049110478324538
DRREDDY,SBIN,0.7640812073562191
EICHERMOT,SBIN,0.8679226005799718
GRASIM,SBIN,0.8745648958657147
HCLTECH,SBIN,0.5373729597930117
HDFCBANK,SBIN,0.3204877022798185
HDFCLIFE,SBIN,0.1135479858375055
HEROMOTOCO,SBIN,0.865972458672592
HINDALCO,SBIN,0.8094660454105053
HINDUNILVR,SBIN,0.1354692275906757
ICICIBANK,SBIN,0.8668541885159345
INDUSINDBK,SBIN,-0.3769491144028229
INFY,SBIN,0.5038172969099297
ITC,SBIN,0.2419653377688536
JSWSTEEL,SBIN,0.7826611525357825
KOTAKBANK,SBIN,-0.0950346704690507
LT,SBIN,0.7408397994804009
M&M,SBIN,0.8618522260172207
MARUTI,SBIN,0.8411889879170794
NESTLEIND,SBIN,0.1764123041028881
NTPC,SBIN,0.8836687823003666
ONGC,SBIN,0.8795648621865781
POWERGRID,SBIN,0.9445688061001984
RELIANCE,SBIN,0.8012271328803086
SBILIFE,SBIN,0.5816821267528924
SBIN,SBIN,1.0
SHRIRAMFIN,SBIN,0.7503461758546442
SUNPHARMA,SBIN,0.8016781216253971
TATACONSUM,SBIN,0.641012400976723
TATAMOTORS,SBIN,0.8413107164939881
TATASTEEL,SBIN,0.8771693676757618
TCS,SBIN,0.7224590279716641
TECHM,SBIN,0.6447749765335403
TITAN,SBIN,-0.0537831399939475
TRENT,SBIN,0.7818456053860596
ULTRACEMCO,SBIN,0.7832003854007398
WIPRO,SBIN,0.7620640686368213
ADANIENT,SHRIRAMFIN,0.4694278178735845
ADANIPORTS,SHRIRAMFIN,0.7939968111416938
APOLLOHOSP,SHRIRAMFIN,0.9001816955215965
ASIANPAINT,SHRIRAMFIN,-0.030135908728372
AXISBANK,SHRIRAMFIN,0.7407593343072062
BAJAJ-AUTO,SHRIRAMFIN,0.9373933519524688
BAJAJFINSV,SHRIRAMFIN,0.6183331142860465
BAJFINANCE,SHRIRAMFIN,-0.2048177059472503
BEL,SHRIRAMFIN,0.8418509244303114
BHARTIARTL,SHRIRAMFIN,0.9567993572752044
BPCL,SHRIRAMFIN,0.8347038355621033
BRITANNIA,SHRIRAMFIN,0.8841880004601295
CIPLA,SHRIRAMFIN,0.9077953858300462
COALINDIA,SHRIRAMFIN,0.807217661320143
DRREDDY,SHRIRAMFIN,0.8549785073335553
EICHERMOT,SHRIRAMFIN,0.8193450725362849
GRASIM,SHRIRAMFIN,0.9157798238757426
HCLTECH,SHRIRAMFIN,0.8151996304212041
HDFCBANK,SHRIRAMFIN,0.6059232400775018
HDFCLIFE,SHRIRAMFIN,0.5863479673794666
HEROMOTOCO,SHRIRAMFIN,0.8520395819200179
HINDALCO,SHRIRAMFIN,0.8387389108143689
HINDUNILVR,SHRIRAMFIN,0.5943180831424936
ICICIBANK,SHRIRAMFIN,0.933821847542018
INDUSINDBK,SHRIRAMFIN,-0.4565203872021874
INFY,SHRIRAMFIN,0.8493512086818646
ITC,SHRIRAMFIN,0.6849811377607827
JSWSTEEL,SHRIRAMFIN,0.8949824275284101
KOTAKBANK,SHRIRAMFIN,0.284805858392827
LT,SHRIRAMFIN,0.6379931464281877
M&M,SHRIRAMFIN,0.8942789390193729
MARUTI,SHRIRAMFIN,0.6422518521264653
NESTLEIND,SHRIRAMFIN,0.1673481859297049
NTPC,SHRIRAMFIN,0.9232511547733888
ONGC,SHRIRAMFIN,0.7852791586359705
POWERGRID,SHRIRAMFIN,0.8805930209474822
RELIANCE,SHRIRAMFIN,0.5858166570182547
SBILIFE,SHRIRAMFIN,0.8962838238808772
SBIN,SHRIRAMFIN,0.7503461758546442
SHRIRAMFIN,SHRIRAMFIN,1.0
SUNPHARMA,SHRIRAMFIN,0.9372715941228634
TATACONSUM,SHRIRAMFIN,0.599010434089735
TATAMOTORS,SHRIRAMFIN,0.652934969555121
TATASTEEL,SHRIRAMFIN,0.5712578319964272
TCS,SHRIRAMFIN,0.8192755285965919
TECHM,SHRIRAMFIN,0.9143574360810324
TITAN,SHRIRAMFIN,0.1229254555743135
TRENT,SHRIRAMFIN,0.9713181899157536
ULTRACEMCO,SHRIRAMFIN,0.889333700492449
WIPRO,SHRIRAMFIN,0.8264892269514645
ADANIENT,SUNPHARMA,0.5552060527098132
ADANIPORTS,SUNPHARMA,0.8332576919631242
APOLLOHOSP,SUNPHARMA,0.948026010211625
ASIANPAINT,SUNPHARMA,-0.2103036351560119
AXISBANK,SUNPHARMA,0.6208543400068692
BAJAJ-AUTO,SUNPHARMA,0.9455713001891604
BAJAJFINSV,SUNPHARMA,0.518523118214677
BAJFINANCE,SUNPHARMA,-0.4183150888286528
BEL,SUNPHARMA,0.8045297264243688
BHARTIARTL,SUNPHARMA,0.9323695970360876
BPCL,SUNPHARMA,0.9090310353726316
BRITANNIA,SUNPHARMA,0.7852001684686708
CIPLA,SUNPHARMA,0.9342150848829835
COALINDIA,SUNPHARMA,0.8390630900189207
DRREDDY,SUNPHARMA,0.8809251776143424
EICHERMOT,SUNPHARMA,0.7775502741152853
GRASIM,SUNPHARMA,0.874052873738518
HCLTECH,SUNPHARMA,0.8720107185190508
HDFCBANK,SUNPHARMA,0.438075826931113
HDFCLIFE,SUNPHARMA,0.5160443956008727
HEROMOTOCO,SUNPHARMA,0.8320845241850473
HINDALCO,SUNPHARMA,0.777966957803201
HINDUNILVR,SUNPHARMA,0.4106435321907296
ICICIBANK,SUNPHARMA,0.9162501994369994
INDUSINDBK,SUNPHARMA,-0.5129218549648473
INFY,SUNPHARMA,0.825532244963489
ITC,SUNPHARMA,0.5622375841286414
JSWSTEEL,SUNPHARMA,0.843468523880075
KOTAKBANK,SUNPHARMA,0.1412766079577058
LT,SUNPHARMA,0.6851343374541591
M&M,SUNPHARMA,0.8411845969315677
MARUTI,SUNPHARMA,0.6824706043024147
NESTLEIND,SUNPHARMA,0.1345451998409091
NTPC,SUNPHARMA,0.9414325802050456
ONGC,SUNPHARMA,0.8332586847966361
POWERGRID,SUNPHARMA,0.8877417420758664
RELIANCE,SUNPHARMA,0.6321561628664764
SBILIFE,SUNPHARMA,0.8560649148771171
SBIN,SUNPHARMA,0.8016781216253971
SHRIRAMFIN,SUNPHARMA,0.9372715941228634
SUNPHARMA,SUNPHARMA,1.0
TATACONSUM,SUNPHARMA,0.6475730510420252
TATAMOTORS,SUNPHARMA,0.727219684956012
TATASTEEL,SUNPHARMA,0.5888757038948185
TCS,SUNPHARMA,0.8685792658833617
TECHM,SUNPHARMA,0.8679056199482623
TITAN,SUNPHARMA,0.160535156324007
TRENT,SUNPHARMA,0.9446196396569232
ULTRACEMCO,SUNPHARMA,0.8213762991095012
WIPRO,SUNPHARMA,0.8734717799457964
ADANIENT,TATACONSUM,0.7832986069790779
ADANIPORTS,TATACONSUM,0.8230572785580693
APOLLOHOSP,TATACONSUM,0.6688991120617213
ASIANPAINT,TATACONSUM,-0.0055926853685223
AXISBANK,TATACONSUM,0.5310756510234869
BAJAJ-AUTO,TATACONSUM,0.7113795172283751
BAJAJFINSV,TATACONSUM,0.193070113608351
BAJFINANCE,TATACONSUM,-0.4220369832678674
BEL,TATACONSUM,0.603617904675356
BHARTIARTL,TATACONSUM,0.5522068713669022
BPCL,TATACONSUM,0.7930831322574216
BRITANNIA,TATACONSUM,0.6140768436430395
CIPLA,TATACONSUM,0.7541879199952783
COALINDIA,TATACONSUM,0.8234755160478098
DRREDDY,TATACONSUM,0.7522795846929448
EICHERMOT,TATACONSUM,0.4887149709757198
GRASIM,TATACONSUM,0.602998309131647
HCLTECH,TATACONSUM,0.5442796171298031
HDFCBANK,TATACONSUM,0.0308120435701655
HDFCLIFE,TATACONSUM,0.0722664082420873
HEROMOTOCO,TATACONSUM,0.7773155652448152
HINDALCO,TATACONSUM,0.5210391571968538
HINDUNILVR,TATACONSUM,0.2852531583796595
ICICIBANK,TATACONSUM,0.5366597396892312
INDUSINDBK,TATACONSUM,0.1893293514930073
INFY,TATACONSUM,0.5413162279657461
ITC,TATACONSUM,0.273792821120662
JSWSTEEL,TATACONSUM,0.4517561697302534
KOTAKBANK,TATACONSUM,0.1993543759783767
LT,TATACONSUM,0.7567943194356042
M&M,TATACONSUM,0.4783656078458503
MARUTI,TATACONSUM,0.6032096027837186
NESTLEIND,TATACONSUM,0.6562243232449929
NTPC,TATACONSUM,0.7161622660905598
ONGC,TATACONSUM,0.8366560873979226
POWERGRID,TATACONSUM,0.7044875316304964
RELIANCE,TATACONSUM,0.8894671961519666
SBILIFE,TATACONSUM,0.6359849782741451
SBIN,TATACONSUM,0.641012400976723
SHRIRAMFIN,TATACONSUM,0.599010434089735
SUNPHARMA,TATACONSUM,0.6475730510420252
TATACONSUM,TATACONSUM,1.0
TATAMOTORS,TATACONSUM,0.8859943457091475
TATASTEEL,TATACONSUM,0.6034932479721449
TCS,TATACONSUM,0.7931089099419999
TECHM,TATACONSUM,0.4185964174805743
TITAN,TATACONSUM,0.5565523087319311
TRENT,TATACONSUM,0.5287447124610757
ULTRACEMCO,TATACONSUM,0.6693008979953273
WIPRO,TATACONSUM,0.6404495366676733
ADANIENT,TATAMOTORS,0.7839649582833821
ADANIPORTS,TATAMOTORS,0.9165225499671584
APOLLOHOSP,TATAMOTORS,0.6879522571702288
ASIANPAINT,TATAMOTORS,-0.2474907021127462
AXISBANK,TATAMOTORS,0.5968310346878768
BAJAJ-AUTO,TATAMOTORS,0.7863091126071748
BAJAJFINSV,TATAMOTORS,0.0880770959774042
BAJFINANCE,TATAMOTORS,-0.5329799828559246
BEL,TATAMOTORS,0.7611308471293223
BHARTIARTL,TATAMOTORS,0.6627003083016769
BPCL,TATAMOTORS,0.897281050005485
BRITANNIA,TATAMOTORS,0.5784350297061293
CIPLA,TATAMOTORS,0.811918769656016
COALINDIA,TATAMOTORS,0.9279766986491366
DRREDDY,TATAMOTORS,0.8106217149081596
EICHERMOT,TATAMOTORS,0.6755282595073717
GRASIM,TATAMOTORS,0.7363983602940837
HCLTECH,TATAMOTORS,0.4861056478632437
HDFCBANK,TATAMOTORS,0.061323944167344
HDFCLIFE,TATAMOTORS,0.061970926689815
HEROMOTOCO,TATAMOTORS,0.8286698554229301
HINDALCO,TATAMOTORS,0.6384707621914023
HINDUNILVR,TATAMOTORS,0.137444668653435
ICICIBANK,TATAMOTORS,0.6664116727122384
INDUSINDBK,TATAMOTORS,-0.0076692227609327
INFY,TATAMOTORS,0.4704756541142708
ITC,TATAMOTORS,0.2034798596575637
JSWSTEEL,TATAMOTORS,0.5640402585843056
KOTAKBANK,TATAMOTORS,-0.0151445150206241
LT,TATAMOTORS,0.7801239713741059
M&M,TATAMOTORS,0.6379888483282937
MARUTI,TATAMOTORS,0.8213185002073985
NESTLEIND,TATAMOTORS,0.4676148192049441
NTPC,TATAMOTORS,0.8045039381253927
ONGC,TATAMOTORS,0.942633543458012
POWERGRID,TATAMOTORS,0.8398720024175516
RELIANCE,TATAMOTORS,0.9373363745300995
SBILIFE,TATAMOTORS,0.6231710129676689
SBIN,TATAMOTORS,0.8413107164939881
SHRIRAMFIN,TATAMOTORS,0.652934969555121
SUNPHARMA,TATAMOTORS,0.727219684956012
TATACONSUM,TATAMOTORS,0.8859943457091475
TATAMOTORS,TATAMOTORS,1.0
TATASTEEL,TATAMOTORS,0.7997979360424093
TCS,TATAMOTORS,0.7899689587742873
TECHM,TATAMOTORS,0.4662598029157856
TITAN,TATAMOTORS,0.3005007656839688
TRENT,TATAMOTORS,0.6255291283077682
ULTRACEMCO,TATAMOTORS,0.6963235538205381
WIPRO,TATAMOTORS,0.6511486308219462
ADANIENT,TATASTEEL,0.7320327113706587
ADANIPORTS,TATASTEEL,0.8342552713977391
APOLLOHOSP,TATASTEEL,0.5209286158348921
ASIANPAINT,TATASTEEL,-0.3574333204325293
AXISBANK,TATASTEEL,0.7096679237986815
BAJAJ-AUTO,TATASTEEL,0.745495897018963
BAJAJFINSV,TATASTEEL,0.0663937421695199
BAJFINANCE,TATASTEEL,-0.3368645231294012
BEL,TATASTEEL,0.8116770381905587
BHARTIARTL,TATASTEEL,0.6735966826492794
BPCL,TATASTEEL,0.7676706437459374
BRITANNIA,TATASTEEL,0.5114803298666842
CIPLA,TATASTEEL,0.6980852956632786
COALINDIA,TATASTEEL,0.8203652385645183
DRREDDY,TATASTEEL,0.5465892944468831
EICHERMOT,TATASTEEL,0.7633912681769225
GRASIM,TATASTEEL,0.7196754227943563
HCLTECH,TATASTEEL,0.2539231267001723
HDFCBANK,TATASTEEL,0.1995434700635073
HDFCLIFE,TATASTEEL,-0.1353732199642417
HEROMOTOCO,TATASTEEL,0.8064888278881912
HINDALCO,TATASTEEL,0.774772774068913
HINDUNILVR,TATASTEEL,-0.0060379810013911
ICICIBANK,TATASTEEL,0.6724812433575394
INDUSINDBK,TATASTEEL,-0.0661458392407752
INFY,TATASTEEL,0.2057909586641748
ITC,TATASTEEL,0.0468239058044711
JSWSTEEL,TATASTEEL,0.6857167314277872
KOTAKBANK,TATASTEEL,-0.0756196081949772
LT,TATASTEEL,0.7122082531888729
M&M,TATASTEEL,0.7356198096595433
MARUTI,TATASTEEL,0.8757499450331293
NESTLEIND,TATASTEEL,0.3468987882837014
NTPC,TATASTEEL,0.7395654728945988
ONGC,TATASTEEL,0.7376868010614455
POWERGRID,TATASTEEL,0.8100278748845077
RELIANCE,TATASTEEL,0.8026087087647188
SBILIFE,TATASTEEL,0.3646626011273781
SBIN,TATASTEEL,0.8771693676757618
SHRIRAMFIN,TATASTEEL,0.5712578319964272
SUNPHARMA,TATASTEEL,0.5888757038948185
TATACONSUM,TATASTEEL,0.6034932479721449
TATAMOTORS,TATASTEEL,0.7997979360424093
TATASTEEL,TATASTEEL,1.0
TCS,TATASTEEL,0.49124584736396
TECHM,TATASTEEL,0.3776939447110729
TITAN,TATASTEEL,0.0539032929104036
TRENT,TATASTEEL,0.5855358752974003
ULTRACEMCO,TATASTEEL,0.6344458065660565
WIPRO,TATASTEEL,0.5225241356952732
ADANIENT,TCS,0.6013748438683384
ADANIPORTS,TCS,0.817482440213064
APOLLOHOSP,TCS,0.8619095532129171
ASIANPAINT,TCS,-0.0383841184875718
AXISBANK,TCS,0.5964713596493342
BAJAJ-AUTO,TCS,0.8226054603800891
BAJAJFINSV,TCS,0.4166179841239265
BAJFINANCE,TCS,-0.4159279783696286
BEL,TCS,0.7233807167928441
BHARTIARTL,TCS,0.7665840150010085
BPCL,TCS,0.8603503667314548
BRITANNIA,TCS,0.7526016784139941
CIPLA,TCS,0.8607130680903086
COALINDIA,TCS,0.8195958122011833
DRREDDY,TCS,0.9064112511634452
EICHERMOT,TCS,0.6701310392212039
GRASIM,TCS,0.7959759306399216
HCLTECH,TCS,0.8265954227603347
HDFCBANK,TCS,0.334125907443266
HDFCLIFE,TCS,0.4682493053579137
HEROMOTOCO,TCS,0.7969151807093467
HINDALCO,TCS,0.6393247444872316
HINDUNILVR,TCS,0.4818964927996297
ICICIBANK,TCS,0.7815045627178959
INDUSINDBK,TCS,-0.289134220685032
INFY,TCS,0.8641395931323832
ITC,TCS,0.5630233007863746
JSWSTEEL,TCS,0.6864311241262453
KOTAKBANK,TCS,0.2143491069510438
LT,TCS,0.7016787704861326
M&M,TCS,0.6893387378065899
MARUTI,TCS,0.573662718168783
NESTLEIND,TCS,0.2899270726059387
NTPC,TCS,0.8454435971212926
ONGC,TCS,0.8623914769088677
POWERGRID,TCS,0.8115472047293281
RELIANCE,TCS,0.7192362664568759
SBILIFE,TCS,0.8597760139941663
SBIN,TCS,0.7224590279716641
SHRIRAMFIN,TCS,0.8192755285965919
SUNPHARMA,TCS,0.8685792658833617
TATACONSUM,TCS,0.7931089099419999
TATAMOTORS,TCS,0.7899689587742873
TATASTEEL,TCS,0.49124584736396
TCS,TCS,1.0
TECHM,TCS,0.7917981968446262
TITAN,TCS,0.3167458908468308
TRENT,TCS,0.796344502604602
ULTRACEMCO,TCS,0.811864857204699
WIPRO,TCS,0.8575548166784148
ADANIENT,TECHM,0.306188359235337
ADANIPORTS,TECHM,0.6593444356061067
APOLLOHOSP,TECHM,0.8499165876142828
ASIANPAINT,TECHM,-0.0309045434668577
AXISBANK,TECHM,0.6814830653333904
BAJAJ-AUTO,TECHM,0.8018322018775743
BAJAJFINSV,TECHM,0.5648440583068746
BAJFINANCE,TECHM,-0.2190300963221318
BEL,TECHM,0.7770037096359014
BHARTIARTL,TECHM,0.8962608595084216
BPCL,TECHM,0.6974714971644536
BRITANNIA,TECHM,0.840976718978649
CIPLA,TECHM,0.7912089125701404
COALINDIA,TECHM,0.6597765506213455
DRREDDY,TECHM,0.7836065673580284
EICHERMOT,TECHM,0.766645038987333
GRASIM,TECHM,0.8579165636757765
HCLTECH,TECHM,0.8523735255402417
HDFCBANK,TECHM,0.6913463914371982
HDFCLIFE,TECHM,0.6883227651239858
HEROMOTOCO,TECHM,0.7331931253767823
HINDALCO,TECHM,0.7714676997757514
HINDUNILVR,TECHM,0.6312787411987365
ICICIBANK,TECHM,0.8865077769639168
INDUSINDBK,TECHM,-0.6373990352190202
INFY,TECHM,0.920674543175198
ITC,TECHM,0.756250672217792
JSWSTEEL,TECHM,0.858026628734963
KOTAKBANK,TECHM,0.2987843275239182
LT,TECHM,0.5224177865556389
M&M,TECHM,0.845474803654318
MARUTI,TECHM,0.4230164263262115
NESTLEIND,TECHM,-0.0584057737062833
NTPC,TECHM,0.8275168436764822
ONGC,TECHM,0.6539117571534396
POWERGRID,TECHM,0.7797374343087624
RELIANCE,TECHM,0.3906478970876386
SBILIFE,TECHM,0.8329561451565788
SBIN,TECHM,0.6447749765335403
SHRIRAMFIN,TECHM,0.9143574360810324
SUNPHARMA,TECHM,0.8679056199482623
TATACONSUM,TECHM,0.4185964174805743
TATAMOTORS,TECHM,0.4662598029157856
TATASTEEL,TECHM,0.3776939447110729
TCS,TECHM,0.7917981968446262
TECHM,TECHM,1.0
TITAN,TECHM,-0.0232168249472403
TRENT,TECHM,0.9278822415719712
ULTRACEMCO,TECHM,0.8536900872213998
WIPRO,TECHM,0.8401646259300433
ADANIENT,TITAN,0.4571179973603666
ADANIPORTS,TITAN,0.2151623981744157
APOLLOHOSP,TITAN,0.2689199202252344
ASIANPAINT,TITAN,0.3709416717048621
AXISBANK,TITAN,0.0026429015749367
BAJAJ-AUTO,TITAN,0.1997104077447439
BAJAJFINSV,TITAN,0.3572286754940001
BAJFINANCE,TITAN,0.0389630669531253
BEL,TITAN,-0.0931562659298588
BHARTIARTL,TITAN,-0.0094074354473283
BPCL,TITAN,0.2351492063447993
BRITANNIA,TITAN,0.1299588650984868
CIPLA,TITAN,0.1930354940860551
COALINDIA,TITAN,0.1747558789489856
DRREDDY,TITAN,0.1719294755554383
EICHERMOT,TITAN,-0.1123145988021811
GRASIM,TITAN,-0.0332424784098457
HCLTECH,TITAN,0.3055848748380879
HDFCBANK,TITAN,-0.0957712419289817
HDFCLIFE,TITAN,0.0510894305934525
HEROMOTOCO,TITAN,0.2003004457347132
HINDALCO,TITAN,-0.011418768015881
HINDUNILVR,TITAN,0.0926488120658723
ICICIBANK,TITAN,-0.0303447302623316
INDUSINDBK,TITAN,0.5583375751479674
INFY,TITAN,0.1925922009260192
ITC,TITAN,0.0869424317242855
JSWSTEEL,TITAN,0.0257339457650059
KOTAKBANK,TITAN,0.3858783098207894
LT,TITAN,0.4625555886915863
M&M,TITAN,-0.1560136206508952
MARUTI,TITAN,0.0207486443968547
NESTLEIND,TITAN,0.6444060503409335
NTPC,TITAN,0.1643374909768584
ONGC,TITAN,0.1583097601719755
POWERGRID,TITAN,0.0250134556215533
RELIANCE,TITAN,0.3575077047101697
SBILIFE,TITAN,0.2686933062619974
SBIN,TITAN,-0.0537831399939475
SHRIRAMFIN,TITAN,0.1229254555743135
SUNPHARMA,TITAN,0.160535156324007
TATACONSUM,TITAN,0.5565523087319311
TATAMOTORS,TITAN,0.3005007656839688
TATASTEEL,TITAN,0.0539032929104036
TCS,TITAN,0.3167458908468308
TECHM,TITAN,-0.0232168249472403
TITAN,TITAN,1.0
TRENT,TITAN,0.0132070789796447
ULTRACEMCO,TITAN,0.1536608974427863
WIPRO,TITAN,0.192293281345028
ADANIENT,TRENT,0.4367902777176415
ADANIPORTS,TRENT,0.7793583480569781
APOLLOHOSP,TRENT,0.877633028561032
ASIANPAINT,TRENT,-0.0931183395290717
AXISBANK,TRENT,0.7354663141609868
BAJAJ-AUTO,TRENT,0.9363827154609689
BAJAJFINSV,TRENT,0.5759214665793225
BAJFINANCE,TRENT,-0.2679626331843619
BEL,TRENT,0.8632419184620038
BHARTIARTL,TRENT,0.9762636778480906
BPCL,TRENT,0.8383125509665613
BRITANNIA,TRENT,0.8675089680802406
CIPLA,TRENT,0.8967539063736883
COALINDIA,TRENT,0.8047742857363264
DRREDDY,TRENT,0.8287238318672498
EICHERMOT,TRENT,0.8647146332789252
GRASIM,TRENT,0.9247358677608158
HCLTECH,TRENT,0.7966566381450597
HDFCBANK,TRENT,0.6157998718331988
HDFCLIFE,TRENT,0.5865302309986424
HEROMOTOCO,TRENT,0.8424140919102607
HINDALCO,TRENT,0.871178042479427
HINDUNILVR,TRENT,0.5583737891565351
ICICIBANK,TRENT,0.9477485769721372
INDUSINDBK,TRENT,-0.5545163227986423
INFY,TRENT,0.8236328581512676
ITC,TRENT,0.6705344471464619
JSWSTEEL,TRENT,0.9222858491624653
KOTAKBANK,TRENT,0.2086776709194839
LT,TRENT,0.5998171816394762
M&M,TRENT,0.9293316713582448
MARUTI,TRENT,0.6613796835165403
NESTLEIND,TRENT,0.0810629235259641
NTPC,TRENT,0.9253231727122408
ONGC,TRENT,0.7668380621464316
POWERGRID,TRENT,0.8896794032872591
RELIANCE,TRENT,0.5352675840749082
SBILIFE,TRENT,0.864597342252898
SBIN,TRENT,0.7818456053860596
SHRIRAMFIN,TRENT,0.9713181899157536
SUNPHARMA,TRENT,0.9446196396569232
TATACONSUM,TRENT,0.5287447124610757
TATAMOTORS,TRENT,0.6255291283077682
TATASTEEL,TRENT,0.5855358752974003
TCS,TRENT,0.796344502604602
TECHM,TRENT,0.9278822415719712
TITAN,TRENT,0.0132070789796447
TRENT,TRENT,1.0
ULTRACEMCO,TRENT,0.8662109660555407
WIPRO,TRENT,0.8134915954630996
ADANIENT,ULTRACEMCO,0.5904620705460281
ADANIPORTS,ULTRACEMCO,0.8555209348199405
APOLLOHOSP,ULTRACEMCO,0.8300269732772391
ASIANPAINT,ULTRACEMCO,0.0173790648347091
AXISBANK,ULTRACEMCO,0.8676938536347363
BAJAJ-AUTO,ULTRACEMCO,0.8608691409388928
BAJAJFINSV,ULTRACEMCO,0.44890463576596
BAJFINANCE,ULTRACEMCO,-0.2611716363247152
BEL,ULTRACEMCO,0.8947768312653933
BHARTIARTL,ULTRACEMCO,0.8692629570507991
BPCL,ULTRACEMCO,0.8053000352159124
BRITANNIA,ULTRACEMCO,0.9037613909806396
CIPLA,ULTRACEMCO,0.8533158975750493
COALINDIA,ULTRACEMCO,0.8332104133002121
DRREDDY,ULTRACEMCO,0.8347417106163249
EICHERMOT,ULTRACEMCO,0.84436037163875
GRASIM,ULTRACEMCO,0.920997950268564
HCLTECH,ULTRACEMCO,0.7288889492724339
HDFCBANK,ULTRACEMCO,0.6522751128755849
HDFCLIFE,ULTRACEMCO,0.4760963021296422
HEROMOTOCO,ULTRACEMCO,0.9017787325646148
HINDALCO,ULTRACEMCO,0.8530771774072109
HINDUNILVR,ULTRACEMCO,0.5859024184725877
ICICIBANK,ULTRACEMCO,0.8852319712858066
INDUSINDBK,ULTRACEMCO,-0.3167506027679906
INFY,ULTRACEMCO,0.7968390075824343
ITC,ULTRACEMCO,0.6322360992736126
JSWSTEEL,ULTRACEMCO,0.877394065004623
KOTAKBANK,ULTRACEMCO,0.3898270795066652
LT,ULTRACEMCO,0.7460064058207753
M&M,ULTRACEMCO,0.870364115245027
MARUTI,ULTRACEMCO,0.588169421945281
NESTLEIND,ULTRACEMCO,0.3219070476744748
NTPC,ULTRACEMCO,0.9019473405570432
ONGC,ULTRACEMCO,0.7970860193025158
POWERGRID,ULTRACEMCO,0.8964486588136366
RELIANCE,ULTRACEMCO,0.6900786297282304
SBILIFE,ULTRACEMCO,0.8087781264140435
SBIN,ULTRACEMCO,0.7832003854007398
SHRIRAMFIN,ULTRACEMCO,0.889333700492449
SUNPHARMA,ULTRACEMCO,0.8213762991095012
TATACONSUM,ULTRACEMCO,0.6693008979953273
TATAMOTORS,ULTRACEMCO,0.6963235538205381
TATASTEEL,ULTRACEMCO,0.6344458065660565
TCS,ULTRACEMCO,0.811864857204699
TECHM,ULTRACEMCO,0.8536900872213998
TITAN,ULTRACEMCO,0.1536608974427863
TRENT,ULTRACEMCO,0.8662109660555407
ULTRACEMCO,ULTRACEMCO,1.0
WIPRO,ULTRACEMCO,0.8346923798362489
ADANIENT,WIPRO,0.609773991087032
ADANIPORTS,WIPRO,0.7988041240711217
APOLLOHOSP,WIPRO,0.9069000670002624
ASIANPAINT,WIPRO,-0.2309214690472875
AXISBANK,WIPRO,0.6745425272023488
BAJAJ-AUTO,WIPRO,0.8164226906710325
BAJAJFINSV,WIPRO,0.3838620958309887
BAJFINANCE,WIPRO,-0.4347657399470566
BEL,WIPRO,0.7510171209608822
BHARTIARTL,WIPRO,0.8022701206195124
BPCL,WIPRO,0.8071652478048826
BRITANNIA,WIPRO,0.7039427402590349
CIPLA,WIPRO,0.8391500316465665
COALINDIA,WIPRO,0.7458551079039911
DRREDDY,WIPRO,0.8206118796503319
EICHERMOT,WIPRO,0.6635695904186335
GRASIM,WIPRO,0.7955647326872287
HCLTECH,WIPRO,0.8983240415303866
HDFCBANK,WIPRO,0.4442018928780119
HDFCLIFE,WIPRO,0.3883820530636802
HEROMOTOCO,WIPRO,0.7897816944440457
HINDALCO,WIPRO,0.6788499537337002
HINDUNILVR,WIPRO,0.3346765289008435
ICICIBANK,WIPRO,0.8457957703603992
INDUSINDBK,WIPRO,-0.4530527432399299
INFY,WIPRO,0.828120542880312
ITC,WIPRO,0.4210182032033205
JSWSTEEL,WIPRO,0.7645973765833091
KOTAKBANK,WIPRO,0.226876508415672
LT,WIPRO,0.7045118923924284
M&M,WIPRO,0.7343464326655784
MARUTI,WIPRO,0.4784991381544619
NESTLEIND,WIPRO,0.1758222673035328
NTPC,WIPRO,0.8387021536890282
ONGC,WIPRO,0.7475494240755227
POWERGRID,WIPRO,0.8083812606945102
RELIANCE,WIPRO,0.6669127882304187
SBILIFE,WIPRO,0.7176876078009836
SBIN,WIPRO,0.7620640686368213
SHRIRAMFIN,WIPRO,0.8264892269514645
SUNPHARMA,WIPRO,0.8734717799457964
TATACONSUM,WIPRO,0.6404495366676733
TATAMOTORS,WIPRO,0.6511486308219462
TATASTEEL,WIPRO,0.5225241356952732
TCS,WIPRO,0.8575548166784148
TECHM,WIPRO,0.8401646259300433
TITAN,WIPRO,0.192293281345028
TRENT,WIPRO,0.8134915954630996
ULTRACEMCO,WIPRO,0.8346923798362489
WIPRO,WIPRO,1.0
